ID,Category,Type,Duration_Label,Duration_Range_Minutes,Status,Short_Description,Title,Script_Text,Workbook_Affirmation_Category,Workbook_Phase_Connection,Script_Rendered,Script_Audio_Complete,Notes
001,Healing & Restoration,Prayer,Short,3–5,LIVE,"Short prayer declaring healing over body, mind, and spirit using biblical authority",I_Speak_Healing,"I SPEAK HEALING OVER MY BODY - Short Prayer (3-4 minutes)
Theme: Healing & Restoration
Type: Spoken Declaration (user speaks aloud)
Music Cue: Gentle, warm, grounding - slow pulse, soft pads, nurturing energy

===============================================================================

I stand in the truth of who I am.

I am not my diagnosis.
I am not my symptoms.
I am not the story of what has been broken.

I am energy.
I am frequency.
I am a being designed for wholeness.

The Kingdom of God is within me...
and so is my healing.

I speak to every cell in my body...
Align.

I speak to every organ...
every tissue...
every system...
Remember your original design.

My body is not fighting against me.
My body is fighting for me.
And today...
I partner with it.

I release the vibration of sickness.
I release the frequency of fear.
I release every belief that says healing is not for me.

I am worthy of health.
I am worthy of vitality.
I am worthy of waking up in a body that feels alive.

Yeshua said...
by His stripes I am healed.
Not I will be healed.
I am healed.

I do not beg for healing.
I receive it.

I do not hope for restoration.
I embody it.

My body hears the frequency of wholeness.
My cells respond to the signal I am broadcasting.

And that signal is health.
That signal is restoration.
That signal is life.

I am healed.
I am whole.
I am restored.

And so it is.
",Health & Wellness + Forgiveness & Healing,Phase 5 (Self-Care),,,
002,Healing & Restoration,Prayer,Medium,12–13,LIVE,Comprehensive healing prayer covering every system of the body with scripture,Complete_Declaration_of_Restoration,"A COMPLETE DECLARATION OF RESTORATION - Medium Prayer (12-13 minutes)
Theme: Healing & Restoration
Type: Spoken Declaration (user speaks aloud)
Music Cue: Building warmth, layered pads, gentle crescendo in middle section, peaceful resolution - journey-like

===============================================================================

Before I speak...
I breathe.

Before I declare...
I align.

I place my hand on my heart...
And I remember that this body has carried me through everything.
Every challenge.
Every season.
Every storm.

I am not here to fight my body.
I am here to speak life into it.

I stand now in the frequency of healing.
Not hoping.
Not wishing.
Knowing.

The Kingdom is within me.
The healer is within me.
The power to restore is not far away...
it is as close as my next breath.

I release every word ever spoken over me that was not life.
Every diagnosis that became an identity.
Every fear that embedded itself in my tissues.
Every stress that tightened in my muscles and never let go.

I release the vibration of worry.
I release the frequency of ""what if it gets worse.""
I release the pattern of bracing for bad news.

These frequencies are not mine to carry.
I hand them back to the void from which they came.

My body is not a container for fear.
My body is a vessel for life.
And I am clearing the vessel now.

I speak to my mind...
You are sound.
You are clear.
You are at peace.
The fog lifts.
The clarity returns.
I think with precision.
I remember with ease.
My mind serves me well.

I speak to my heart...
You beat in perfect rhythm.
You pump life through every inch of me.
You are strong.
You are steady.
You are faithful.
I thank you for never stopping.

I speak to my immune system...
You are intelligent.
You are powerful.
You are discerning.
You know what belongs and what does not.
You protect me.
You defend me.
You restore me.
I trust you completely.

I speak to any area of pain...
I do not ignore you.
I acknowledge you.
But I do not let you define me.
I send you the frequency of peace.
I send you the vibration of release.
Soften.
Ease.
Let go.

I speak to my blood...
my bones...
my breath...
Carry healing to every corner of this body.
Let no cell be untouched by restoration.
Let no system be forgotten.

I am not a sick person trying to get well.
I am a whole person remembering my wholeness.

Health is not something I chase.
It is something I return to.
It is my natural state.

The same power that set the stars in motion...
The same intelligence that grows forests from seeds...
That power lives in me.

I was designed to heal.
I was built to restore.
I was created to thrive.

And today...
I remember that.

I choose to broadcast health.
In my thoughts...
I think wellness.
In my emotions...
I feel vitality.
In my words...
I speak life.
In my actions...
I honor this body.

I am a tuning fork for healing.
And everything in my field begins to resonate with that frequency.

The water in my body carries this intention.
The energy in my cells hears this declaration.
The unseen responds to what I am broadcasting.

And I am broadcasting restoration.

I thank my body for its faithfulness.
For every breath it has taken without being asked.
For every wound it has mended while I slept.
For every toxin it has filtered...
every invader it has fought.

I am grateful for the healing already underway.
The healing I cannot yet see.
The restoration happening beneath the surface.

I do not need to understand how.
I only need to trust that it is so.

Yeshua sent His word and healed them.
That word is still active.
That word is still alive.
And that word lives in me.

I receive my healing now.
Not tomorrow.
Not someday.
Now.

I am healed.
I am whole.
I am restored.
My body is a temple of life.

The rivers of living water flow within me.
Out of my belly springs health...
vitality...
restoration.

I lack nothing.
I am supplied from within.
The Kingdom is in me...
and the Kingdom is wholeness.

I declare this over my body.
I declare this over my mind.
I declare this over my future.

Every cell hears me.
Every system aligns.
Every organ responds.

I am healed.
I am whole.
I am restored.

And so it is.
",Health & Wellness + Forgiveness & Healing,Phase 5 (Self-Care),,,
003,Healing & Restoration,Meditation,Short,3–5,LIVE,Visualization of divine healing light entering and restoring the body,Healing_Light,"HEALING LIGHT - Short Meditation (4-5 minutes)
Theme: Healing & Restoration
Type: Guided Visualization
Music Cue: Warm, grounded, gently building - soft pulse underneath, organic feeling

===============================================================================

Find a comfortable position...
seated is best for this practice...
Let your eyes close...
And take one slow, deep breath in...
Hold it gently at the top...
And release...

Let your body soften...
And remember this truth...
The healing power you seek is not somewhere outside of you...
It is already within...
Yeshua said the Kingdom is within you...
and so is everything you need...

Bring your attention to your belly...
Your core...
the center of your life force...

With each breath...
feel warmth begin to gather there...
This is your energy...
your power...
already alive inside you...
It has always been there...
waiting for you to call on it...

Now...
with intention...
begin to draw that warmth upward...
Breathe in...
and pull the energy from your belly...
into your chest...
Feel it build there...
growing stronger...
glowing brighter...

Another breath...
draw it higher...
into your shoulders...
And now...
let it flow down your arms...
into your hands...

Feel your palms begin to warm...
Tingling...
pulsing...
alive with your own healing energy...
This is not imagination...
this is the power you carry...

When your hands feel full of this warmth...
Slowly raise them...
and place your palms gently on the crown of your head...

Feel the energy transfer from your hands into your skull...
Warm...
vibrating...
intelligent...
It knows where to go...
it knows what to heal...

Now...
release your hands back down to rest...
And feel the energy begin to descend on its own...

It moves down through your brain...
bringing clarity...
Down through your face...
your jaw...
softening tension...
Into your neck...
your throat...
opening and releasing...

The energy flows into your shoulders...
and splits...
Moving down both arms...
through your elbows...
your wrists...
Into your palms...
and out through your fingertips...
Carrying with it anything gray...
anything stagnant...
anything that no longer serves...
Pushed out...
released...
gone...

At the same time...
the energy continues down through your chest...
Surrounding your heart with warmth...
healing old wounds...
Down into your belly...
where it reconnects with its source...
Down through your hips...
your thighs...
Through your knees...
your calves...
your ankles...
And out through the soles of your feet into the earth...

Feel anything heavy...
any darkness...
any disease...
Pushed down and out...
expelled from your body...
The earth receives it and transforms it...
you don't need to carry it anymore...

Take a deep breath...
And feel what remains...
clean energy...
clear light...
vibrant health...
Humming gently in every cell...

This power never left you...
You simply remembered how to use it...
The Kingdom within...
the healer within...
has always been there...

Slowly deepen your breath...
Wiggle your fingers...
feel the warmth still present in your palms...
Wiggle your toes...
feel the connection to the ground...

When you are ready...
gently open your eyes...
Knowing that this healing energy is yours...
Anytime you need it...
it rises from within...

You are the source.
You are the healer.
You are whole.

And so it is.
",Health & Wellness + Forgiveness & Healing,Phase 5 (Self-Care),,,
004,Healing & Restoration,Meditation,Medium,12–13,LIVE,Deep visualization of living water flowing through the body bringing restoration,Rivers_of_Living_Water,"RIVERS OF LIVING WATER - Medium Meditation (12-13 minutes)
Theme: Healing & Restoration
Type: Guided Visualization
Music Cue: Deep, resonant, building warmth - starts grounded/low, rises in middle section, flows and releases toward end

===============================================================================

Welcome...

Find a position where your body can fully relax...
Whether seated or lying down...
let yourself be held...
Supported by the surface beneath you...

Close your eyes...
And take a slow breath in through your nose...
Feeling your chest and belly expand...
Hold it for just a moment...
And release through your mouth...
letting everything soften...

Take another breath...
deeper this time...
Breathing in peace...
Breathing out tension...

And one more...
breathing in life...
Breathing out anything that is not serving you...

Let your breath return to its natural rhythm now...
No need to control it...
Simply witness it...
like watching gentle waves...

You are safe here...
You are held...
And something ancient is about to awaken within you...

Bring your attention now to your belly...
The center of your being...
Just below your navel...
deep in your core...

Yeshua spoke of this place...
He said that whoever believes...
out of their belly...
Shall flow rivers of living water...

Not water from outside...
Not healing that must be chased or earned...
But a well...
a spring...
already inside you...
Waiting to be remembered...
waiting to be stirred...

You may have forgotten this well exists...
But it has never forgotten you...
The Kingdom is within...
and so is the water of life...

Now...
imagine the breath of Spirit beginning to move in this place...
Like wind moving over still waters...
A gentle stirring...
a quiet awakening deep in your belly...

Feel that stirring grow...
slowly...
gently...
A warmth gathering in your core...
Golden...
luminous...
alive...

This is living water...
Pure...
clear as crystal...
The same water that proceeds from the throne of grace...
And that throne...
is within you...

As you breathe...
feel the Spirit stir the waters more...
The living water begins to rise from your belly...

It moves first into your lower back...
Warm...
fluid...
intelligent...
Finding the base of your spine...
your sacrum...
That sacred bone at the foundation of your being...

Let the water gather there...
Building warmth...
building energy...
You may feel tingling...
pulsing...
a gentle heat...
Trust what you feel...
your body remembers this...

Now...
the living water begins to climb...
Rising up through your spine...
vertebra by vertebra...
Flowing upward through the column of your being...
Like a river answering only to the Spirit that moves it...

Feel it rise through your lower back...
Releasing tension stored for years...
Old fear...
old grief...
dissolving in the current...
Carried away by waters that know exactly what you no longer need...

The water rises into your middle back...
Flowing around your kidneys...
your adrenal glands...
Washing away exhaustion...
replenishing your reserves...
You are being restored from the inside out...

Higher now...
into your upper back...
Between your shoulder blades...
where you have carried so much...
Burdens that were never yours...
Weights you picked up for others...
Let them dissolve into the river of life...

Your shoulders soften...
releasing down...
The living water flows into your neck...
That narrow passage where tension hides...
Softening...
loosening...
freeing...

Feel the water reach the base of your skull...
That tender place where spine meets brain...
The current pauses here...
gathering strength...

And now...
the living water rises into your head...
Flowing through your brainstem...
your nervous system...
Like liquid light moving through sacred pathways...

Every neuron bathed in healing...
Every synapse cleared...
refreshed...
awakened...
Your mind grows still...
Not empty...
but quiet...
like a calm pool reflecting truth...

The water reaches the crown of your head...
The highest point...
the place of connection between heaven and earth...

And here...
what Yeshua promised begins to happen...
The living water overflows...
Rivers...
not a trickle...
rivers...
Spilling over the top of your head like a fountain of life...

Feel it cascade down over your forehead...
your face...
Cool and warm at once...
washing everything clean...
Down over your temples...
your eyes...
your jaw...
Releasing every place you have clenched against the world...

The living water streams down your neck...
over your shoulders...
Down your arms...
filling your hands with warmth...
Your fingertips tingle with life...
with healing power...
These hands now carry the river wherever they go...

The water continues to pour...
Down over your chest...
surrounding your heart...
The heart that Yeshua said would become a wellspring...
Feel it wrapped in liquid light...
healed...
whole...
overflowing with love...

The river flows down your belly...
returning to its source...
A continuous cycle...
rising and pouring...
an eternal spring within you...
You are not running dry...
You cannot be depleted...
This well springs up into everlasting life...

Feel the living water cascade down your hips...
your thighs...
Muscles that have braced against life...
finally softening...
Down through your knees...
your calves...
your ankles...
Grounding this healing into the earth through the soles of your feet...

You are a river now...
Living water flowing through every cell...
Every organ bathed in restoration...
Every system humming with the frequency of life...

This is what you were designed for...
This is what Yeshua promised...
Not someday...
not far away...
But within you...
right now...
always available...

Rest now in the continuous flow...
Rising from your belly...
up your spine...
over your crown...
Cascading down...
returning to the source...
and rising again...

This river does not stop when this meditation ends...
It flows while you sleep...
It flows while you work...
It flows every time you remember the Kingdom within...

Place your hand on your belly now...
Feel the warmth beneath your palm...
This is your well...
your spring...
your inheritance...

Speak silently to yourself...
""Living water flows within me...""
""Out of my belly flow rivers of life...""
""I am never empty...
I am always supplied...""
""The Kingdom is within me...
and so is the healing...""

And know this...
The same water that restores you...
flows out to restore others...
You are not just being healed...
You are becoming a carrier of living water...
A river of life to everyone you encounter...

Begin to deepen your breath now...
Feeling the rise and fall of your chest...
The gentle pulse of life in your veins...

Wiggle your fingers...
your toes...
Feel the surface beneath you...
The weight of your body...
grounded and restored...

Take one final deep breath in...
Filling yourself with gratitude for this living water...
And release it slowly...

When you are ready...
gently open your eyes...
Returning to this moment...
but changed...

The river flows within you now...
It has always been there...
Yeshua promised it...
And now...
you have remembered...

You are healed.
You are whole.
You are a river of life.

And so it is.
",Health & Wellness + Forgiveness & Healing,Phase 5 (Self-Care),004 Rivers of Living Water.wav,,Script_Rendered - 8:19 minutes Script_Audio_Complete - 12:12 minutes
005,Abundance & Prosperity,Prayer,Short,3–5,LIVE,Declaration of openness to divine abundance and provision,I_Am_Open_to_Receive,"I AM OPEN TO RECEIVE - Short Prayer (3-4 minutes)
Theme: Abundance & Prosperity
Type: Spoken Declaration (user speaks aloud)
Music Cue: Warm, expansive, uplifting - gentle build, feeling of openness

===============================================================================

I stand in the truth of abundance.

Scarcity is not my origin.
Lack is not my inheritance.
I was born into a universe that overflows.

The apple tree does not count its fruit.
The river does not hoard its water.
The sun does not ration its light.

And I...
I am part of this same creation.
Abundance is woven into my very design.

I release every belief that says there is not enough.
I release every fear that whispers I will run out.
I release the frequency of lack...
and I tune my antenna to overflow.

Yeshua said...
Ask and it shall be given.
Seek and you shall find.
Knock and it shall be opened.

So today...
I ask with confidence.
I seek with expectation.
I knock knowing the door is already opening.

I do not chase abundance.
I align with it.
I do not beg for provision.
I receive it.

My hands are open.
My heart is open.
My life is open to the overflow.

Money flows to me easily.
Opportunities find me effortlessly.
Resources arrive in expected and unexpected ways.

I am a magnet for prosperity...
not because I strain for it...
but because I resonate with it.

The Kingdom is within me.
And in the Kingdom...
there is no lack.

I am abundant.
I am prosperous.
I am supplied.

And so it is.
",Wealth & Abundance + Success & Career,Phase 6 (Manifestation),,,
006,Abundance & Prosperity,Prayer,Medium,12–13,Script-Rendered,Comprehensive prayer shifting from lack consciousness to overflow,The_Frequency_of_Overflow,"THE FREQUENCY OF OVERFLOW - Medium Prayer (12-13 minutes)
Theme: Abundance & Prosperity
Type: Spoken Declaration (user speaks aloud)
Music Cue: Building warmth, expansive pads, sense of opening and receiving - journey from grounded to overflowing

===============================================================================

Before I speak...
I open.

I unclench my fists.
I drop my shoulders.
I release the tightness in my chest.

Because abundance cannot enter a closed vessel.
And today...
I am becoming open.

I stand in the truth that abundance is natural.
Scarcity is not my origin...
it is something I learned.
And what I learned...
I can unlearn.

A newborn does not wonder if it will be fed.
It cries...
and nourishment arrives.
It feels discomfort...
and someone moves to soothe it.

In my earliest state...
I rested in the rhythm of receiving.
Today...
I return to that knowing.

I release every moment that taught me lack.
Every empty cupboard I witnessed as a child.
Every argument about money I overheard.
Every time I was told...
we can't afford that.

Those moments shaped a belief.
But the belief is not the truth.
The truth is abundance.
The belief was just survival.

I thank that belief for protecting me.
And now...
I let it go.

I release the vibration of not enough.
I release the frequency of almost but not quite.
I release the pattern of money coming in and immediately flowing out.

These are old signals.
I am broadcasting something new now.

I look at nature and I see the truth.
A single apple tree produces hundreds of apples each season.
And within each apple...
dozens of seeds...
each capable of becoming a new tree.

Rivers never hoard their water.
They flow without hesitation...
knowing the cycle of replenishment continues.

The sun rises every morning without keeping score...
without asking if we deserve its light.

This is the nature of the universe.
This is the nature of the Kingdom.
And this is my nature too.

I am part of creation.
And creation overflows.

Yeshua said...
Give and it shall be given unto you.
Good measure...
pressed down...
shaken together...
running over.

This is not a trickle.
This is not barely enough.
This is overflow.
And overflow is my inheritance.

I speak now to my relationship with money.
Money...
you are not my enemy.
You are not something to fear or chase.
You are energy.
You are vibration.
And I welcome you into my life.

I release every negative word I have spoken about money.
Every time I said I can't afford it.
Every time I said money is hard to make.
Every time I treated you as scarce.

From this moment forward...
I speak life over my finances.
Money flows to me easily and effortlessly.
I am a wise steward of abundance.
I receive generously and I give generously.
The more I circulate...
the more returns to me.

I speak to opportunities.
You are not hidden from me.
You are not reserved for others.
You find me because I am aligned with you.
My eyes are open to see you.
My heart is open to receive you.
My hands are ready to act on you.

I speak to my body...
my antenna.
I stand tall.
I breathe deeply.
I carry myself as someone who is already provided for.

Because I am.

When I walk into a room...
I radiate abundance.
Not arrogance...
abundance.
There is a difference.

Arrogance grasps.
Abundance gives.
Arrogance compares.
Abundance celebrates.
Arrogance fears loss.
Abundance trusts replenishment.

I choose abundance.

I am grateful for what I already have.
The roof over my head.
The breath in my lungs.
The ideas flowing through my mind.
The relationships that sustain me.

Gratitude is not ignoring what I desire.
Gratitude is tuning my frequency to receive more.
What I appreciate...
appreciates.
What I focus on...
expands.

I focus on abundance.
And abundance expands in my life.

Yeshua said...
What things soever you desire...
when you pray...
believe that you receive them...
and you shall have them.

I believe.
Not someday.
Now.

I believe that abundance is flowing toward me right now.
I believe that provision is already on its way.
I believe that the windows of heaven are open over my life...
pouring out blessings I don't even have room to contain.

I do not need to know how.
I do not need to control the timing.
I simply need to stay open...
stay aligned...
stay grateful.

The Kingdom is within me.
And in the Kingdom...
there is no recession.
There is no shortage.
There is no limit.

I am supplied from within.
I am abundant by design.
I am prosperous in spirit...
and prosperity manifests in my physical world.

I declare this over my finances.
I declare this over my career.
I declare this over my opportunities.
I declare this over my future.

Abundance is my frequency.
Overflow is my portion.
The goodness of the universe is chasing me down.

I am open.
I am aligned.
I am receiving.

And so it is.
",Wealth & Abundance + Success & Career,Phase 6 (Manifestation),,,
007,Abundance & Prosperity,Meditation,Short,3–5,Script-Audio-Complete,Visualization of opening heart and hands to receive abundance,Opening_to_Receive,"OPENING TO RECEIVE - Short Meditation (4-5 minutes)
Theme: Abundance & Prosperity
Type: Guided Visualization (user listens, eyes closed)
Music Cue: Soft, warm, gradually opening - sense of expansion, light, spaciousness

===============================================================================

Find a comfortable position...
Let your eyes close...
And take one deep breath in...
Hold it...
And release with a sigh...

Let your shoulders drop.
Let your jaw soften.
Let your hands rest open...
palms facing up...
ready to receive.

Bring your attention to your chest...
to your heart space...
Notice if there is any tightness there...
any guarding...
any closing.

With your next breath...
imagine that space beginning to soften...
Like a flower that has been closed...
slowly opening its petals to the sun.

You are safe to open.
You are safe to receive.

Now...
become aware of a warm golden light above you...
This light is abundance itself...
pure provision...
unlimited supply...

It has always been there...
waiting for you to open to it.

As you breathe in...
draw this golden light down through the crown of your head...
Feel it enter your mind...
dissolving any thoughts of lack...
replacing them with knowing...
with trust...
with peace.

The light flows down into your throat...
releasing every word of scarcity you have ever spoken...
making space for new declarations of abundance.

Now it pours into your heart...
that space you softened moments ago...
filling it completely...
expanding it further...

Your heart becomes a vessel of overflow.

Breathe in again...
and pull the light into your belly...
your core...
the place where you generate your frequency.

Feel abundance take root there...
warm...
stable...
unshakeable.

From your belly...
the light radiates outward...
down your arms...
into your open palms...
These hands that are ready to receive.

Feel your palms tingle with abundance.
They are magnetic now.
Prosperity flows toward them.

The light continues down through your hips...
your legs...
your feet...
grounding this abundance into the earth...
making it real...
making it tangible.

You are now a channel of overflow.
Abundance flows into you from above...
through you...
and grounds into the world below.

This is your natural state.
Not lack.
Not barely enough.
Overflow.

Take a deep breath...
and feel yourself full...
supplied...
complete.

This frequency stays with you.
Every cell now hums with abundance.
Every thought aligns with prosperity.
Every action magnetizes blessing.

When you are ready...
gently open your eyes...
keeping your hands open for a moment longer...
knowing that receiving has already begun.

You are abundant.
You are prosperous.
You are overflow.

And so it is.
",Wealth & Abundance + Success & Career,Phase 6 (Manifestation),,,
008,Abundance & Prosperity,Meditation,Medium,12–13,LIVE,"Journey to the river of abundance, releasing lack and receiving flow",The_River_of_Abundance,"THE RIVER OF ABUNDANCE - Medium Meditation (12-13 minutes)
Theme: Abundance & Prosperity
Type: Guided Visualization (user listens, eyes closed)
Music Cue: Flowing, expansive, building - water-like movement, sense of endless supply, warm and peaceful

===============================================================================

Welcome...

Find a position where your body can fully relax...
Seated or lying down...
let yourself be completely supported.

Close your eyes...
And take a slow...
deep breath in...
Hold it gently...
And release through your mouth...
letting everything go.

Take another breath...
Breathing in openness...
Breathing out tension...

And one more...
Breathing in trust...
Breathing out control...

Let your breath return to its natural rhythm now...
Easy...
effortless...
like a river flowing without force.

You are safe here.
You are held.
And you are about to remember something important...
something your soul has always known.

Abundance is your birthright.

Bring your attention to your body...
Start with your hands...
Notice if they are clenched or tight...
Consciously soften them...
Let your fingers unfurl...
Let your palms open...

A clenched fist cannot receive.
But an open hand...
an open hand can hold the universe.

Now notice your chest...
your heart space...
Is there armor there?
Walls built from disappointment?
Protection from past lack?

With each breath...
let those walls soften...
You don't need them anymore.
What's coming toward you now is safe to receive.

In your mind's eye...
you find yourself standing in a vast meadow...
The grass is golden...
swaying gently in a warm breeze...
The sky above is endless blue...
and the sun is warm on your skin.

In the distance...
you hear the sound of water...
A river...
flowing somewhere nearby.

You begin to walk toward the sound...
Each step feels lighter than the last...
As if the very ground is supporting your journey toward abundance.

As you come over a gentle hill...
you see it...

A river unlike any you have seen before...
Its waters are crystal clear...
but they shimmer with golden light...
as if liquid sunlight is flowing past.

This is the River of Abundance.
It has been flowing since before time began.
It has no beginning and no end.
It cannot be drained.
It cannot run dry.

And it has been waiting for you.

You walk to the edge of the river...
and kneel down...
Looking into the water...
you see your reflection...
but something is different.

The face looking back at you is radiant...
peaceful...
supplied...
This is the version of you that knows abundance as natural.

Now...
cup your hands together...
and dip them into the river...

Feel the water...
warm...
alive...
tingling with energy...
This is pure provision in liquid form.

Slowly...
bring your hands to your lips...
and drink.

Feel the water of abundance flow into your mouth...
down your throat...
into your chest...
spreading through your entire body.

Every cell that receives this water...
awakens to its original design...
Lack dissolves.
Scarcity melts away.
Only abundance remains.

Drink again...
and again...
There is no limit.
The river does not diminish.
The more you receive...
the more there is.

This is the nature of true abundance.
It multiplies through receiving.
It expands through gratitude.
It overflows through giving.

Now...
stand and step into the river...
Feel the warm water rise around your ankles...
your calves...
your thighs...

With each step deeper...
you release more lack.
Financial fear...
washes downstream.
Scarcity thinking...
dissolves in the current.
Unworthiness...
is carried away...
never to return.

The water reaches your waist now...
You feel it flowing around your belly...
your core...
the place where you generate your frequency.

Let the river reprogram this center.
Let it wash away every signal of not enough.
Let it plant the frequency of overflow so deep...
it becomes your default setting.

Now...
lower yourself completely into the water...
Submerge yourself in abundance.

Under the surface...
everything is golden light and warmth...
There is no struggle here.
No striving.
Only receiving.

You are soaking in unlimited supply.
You are marinating in prosperity.
Every cell...
every thought...
every belief...
is being saturated with abundance.

When you are ready...
rise from the water...
Stand in the river...
and notice how you feel.

Lighter.
Fuller.
Complete.

Look at your hands...
They glow with golden light now...
Everything they touch will be blessed.
Everything they create will prosper.
Everything they give will return multiplied.

You are not the same person who entered this river.
You have been transformed.

Slowly...
walk back to the shore...
Each step grounding this abundance into your being.

As you step onto the bank...
you realize something...

This river is not somewhere far away.
It flows within you now.
The Kingdom is within...
and so is the endless supply.

Yeshua said...
ask and you shall receive...
that your joy may be full.

You have received.
Your joy is becoming full.
And it will overflow to everyone around you.

Take a moment now...
Place your hand on your belly...
Feel the river still flowing there...
eternal...
abundant...
yours.

Speak silently to yourself...
""I am a channel of abundance...""
""Supply flows to me and through me...""
""I receive with gratitude...""
""I give with joy...""
""There is always more than enough...""

Begin to deepen your breath now...
Feeling your body...
the weight of your being...
grounded and prosperous.

Wiggle your fingers...
Feel the golden light still tingling there...
Wiggle your toes...
Feel the connection to the earth...
the abundance of the physical world ready to receive you.

Take one final deep breath in...
Filling yourself with gratitude for this river...
And release it slowly...

When you are ready...
gently open your eyes...
Returning to this moment...
but transformed.

The River of Abundance flows within you now.
It will never run dry.
You are supplied.
You are prosperous.
You are overflow.

And so it is.
",Wealth & Abundance + Success & Career,Phase 6 (Manifestation),,,
009,Self-Worth & Identity,Prayer,Short,3–5,Script-Rendered,Declaration of inherent worthiness and divine identity,I_Am_Worthy,"I AM WORTHY - Short Prayer (3-4 minutes)
Theme: Self-Worth & Identity
Type: Spoken Declaration (user speaks aloud)
Music Cue: Warm, grounding, dignified - steady and reassuring, sense of inner strength

===============================================================================

I stand in the truth of who I am.

Not who I was told I am.
Not who fear says I am.
Not who failure tried to make me.

I am who I was created to be.
And that is enough.

I release the lie that I must earn my worth.
I release the belief that I am not enough.
I release the voice that says I need to be more...
do more...
prove more.

My worth is not negotiable.
It is not up for debate.
It was settled before I took my first breath.

Yeshua said I am the light of the world.
Not I could become the light.
Not I might one day be the light.
I am the light.

And light does not apologize for shining.

I am not my mistakes.
I am not my past.
I am not the worst thing I have ever done.

I am a soul having a human experience.
I am consciousness wrapped in skin.
I am the Kingdom walking the earth.

Today I choose to see myself as I truly am.
Not through the lens of comparison.
Not through the eyes of those who could not see my value.
But through the eyes of the One who formed me.

I am worthy of love.
I am worthy of success.
I am worthy of peace.
I am worthy of good things.

Not because I have earned them.
But because I exist.

My identity is not what I do.
My identity is who I am.
And who I am is whole.

I am enough.
I have always been enough.
I will always be enough.

And so it is.
",Self-Confidence,Phase 1 + Phase 5,,,
010,Self-Worth & Identity,Prayer,Medium,12–13,Script-Rendered,Release of false labels and reclamation of true spiritual identity,Reclaiming_My_True_Identity,"RECLAIMING MY TRUE IDENTITY - Medium Prayer (12-13 minutes)
Theme: Self-Worth & Identity
Type: Spoken Declaration (user speaks aloud)
Music Cue: Building strength, grounded warmth, dignified and empowering - journey from soft to strong

===============================================================================

Before I speak...
I remember.

I remember that I existed before anyone had an opinion of me.
I remember that my worth was established before my first failure.
I remember that the Kingdom within me has never doubted my value.

Today...
I come home to myself.

I have wandered far from the truth of who I am.
I have believed the voices that said I was not enough.
I have shrunk myself to fit into spaces too small for my soul.

But today...
I reclaim my identity.

I release every label that was placed on me without my consent.
Too much.
Too little.
Too loud.
Too quiet.
Too sensitive.
Not enough.

These labels are not mine.
I hand them back now.
I will not carry them another day.

I release every moment I was made to feel small.
Every rejection that convinced me I was unworthy.
Every comparison that left me feeling less than.
Every time I looked in the mirror and saw lack instead of light.

These moments shaped a false identity.
But the false identity is not the truth.
The truth is that I am made in the image of the Divine.
And the Divine does not create worthless things.

I speak now to the child within me...
the one who learned to doubt...
the one who learned to hide...
the one who learned that love was conditional.

I see you.
I honor what you survived.
And I tell you now...
you were always worthy.
The adults around you were fighting their own battles.
Their inability to see your value was their blindness...
not your truth.

You are safe now.
You are loved now.
And I will spend the rest of my life proving it to you.

I speak to my mind...
You have rehearsed unworthiness long enough.
Today we practice a new thought.
I am enough.
Say it with me...
I am enough.
Again...
I am enough.

This is not arrogance.
This is alignment.
This is coming into agreement with how I was made.

I speak to my heart...
You have guarded yourself against rejection for too long.
You have built walls to keep out pain...
but those same walls have kept out love.

Today...
I give you permission to soften.
Not because the world is safe...
but because you are strong enough to feel.
Your sensitivity is not weakness.
It is your superpower.

I speak to my body...
You have carried the tension of not-enoughness in your shoulders.
You have held your breath waiting for approval.
You have made yourself smaller to avoid taking up too much space.

Today...
stand tall.
Breathe deep.
Take up space.
You belong here.
Your presence is not an inconvenience...
it is a gift.

Yeshua said...
You are the light of the world.
A city set on a hill cannot be hidden.

I am not meant to dim my light.
I am not meant to shrink.
I am not meant to apologize for the radiance within me.

I am meant to shine.
And when I shine...
I give others permission to do the same.

I now speak my true identity into existence.

I am worthy.
Not because of what I have accomplished.
But because I exist.

I am valuable.
Not because of what I can offer.
But because of who I am.

I am loved.
Not because I have earned it.
But because love is my origin.

I am capable.
Not because I have never failed.
But because I have survived every failure and I am still here.

I am enough.
Not when I lose the weight.
Not when I get the promotion.
Not when I find the relationship.
Now.
I am enough right now.

The world does not determine my worth.
My bank account does not determine my worth.
My relationship status does not determine my worth.
My past does not determine my worth.

My worth was determined by the One who made me.
And that verdict is final.

I choose today to live from this identity.
To make decisions as someone who is worthy.
To set boundaries as someone who is valuable.
To receive love as someone who deserves it.
To pursue dreams as someone who is capable.

The old identity is dying.
The true identity is rising.

I am not who I was.
I am not who others said I was.
I am who I was created to be.

And that...
is more than enough.

I am worthy.
I am valuable.
I am loved.
I am the light of the world.

And so it is.
",Self-Confidence,Phase 1 + Phase 5,,,
011,Self-Worth & Identity,Meditation,Short,3–5,LIVE,"Meeting and embracing the inner child, returning to wholeness",Coming_Home_to_Yourself,"COMING HOME TO YOURSELF - Short Meditation (4-5 minutes)
Theme: Self-Worth & Identity
Type: Guided Visualization (user listens, eyes closed)
Music Cue: Warm, nurturing, gentle embrace - soft and safe, like coming home

===============================================================================

Find a comfortable position...
Let your eyes close...
And take a slow...
deep breath in...
Hold it...
And release with a sigh...

Let your shoulders drop.
Let your jaw soften.
Let your whole body settle.

You are safe here.
You are welcome here.
You belong here.

Bring your attention to your heart...
That tender space in the center of your chest...
Notice how it feels...

Perhaps there is armor there...
built from years of protecting yourself...
from rejection...
from judgment...
from the pain of not being seen.

With your next breath...
imagine that armor beginning to soften...
Not disappearing...
just softening...
making space.

Now...
in your mind's eye...
see yourself as a young child...
Perhaps five or six years old...

See this little one standing before you...
looking up at you with wide eyes...
This is the part of you that first learned to doubt your worth...
the part that learned love might be conditional...
the part that started to wonder if you were enough.

Look at this child...
really see them...

What do you notice?

Perhaps they look uncertain...
Perhaps they are waiting to see if they will be welcomed or rejected...
Perhaps they have learned to brace for disappointment.

Now...
slowly kneel down to their level...
so your eyes meet theirs...

And speak to them silently...
""I see you...""
""I know what you have carried...""
""And I want you to know something important...""

""You are worthy...""
""You have always been worthy...""
""Nothing you did or didn't do changed that...""
""Nothing that happened to you diminished your value...""

""You are not too much...""
""You are not too little...""
""You are exactly right...""

Watch as the child begins to soften...
Perhaps tears come...
Perhaps relief washes over their face...
They have waited so long to hear these words.

Now...
open your arms...
and invite this child to come close...

Feel them step into your embrace...
Hold them gently...
Let them rest against your heart...

As you hold them...
feel a warm light begin to glow in your chest...
This is the light of unconditional love...
the love that was always meant for you...
the love you can now give yourself.

Let this light expand...
filling your entire body...
washing through every cell...
every memory...
every wound.

You are not broken.
You are not unworthy.
You are whole.
You have always been whole.

Take a deep breath...
and as you exhale...
feel the child merge back into your heart...
They are not separate from you...
They are you...
And they are finally home.

Place your hand on your heart...
Feel the warmth there...
This is your true self...
worthy...
valuable...
loved.

When you are ready...
gently open your eyes...
carrying this truth with you.

You are enough.
You have always been enough.

And so it is.
",Self-Confidence,Phase 1 + Phase 5,,,
012,Self-Worth & Identity,Meditation,Medium,12–13,LIVE,Journey through false mirrors to discover true radiant identity,The_Mirror_of_Truth,"THE MIRROR OF TRUTH - Medium Meditation (12-13 minutes)
Theme: Self-Worth & Identity
Type: Guided Visualization (user listens, eyes closed)
Music Cue: Deep, transformative, building to radiance - journey from shadow to light, emerging into wholeness

===============================================================================

Welcome...

Find a position where your body can fully relax...
Seated or lying down...
let yourself be completely supported.

Close your eyes...
And take a slow...
deep breath in...
Hold it gently...
And release through your mouth...
letting everything go.

Take another breath...
Breathing in acceptance...
Breathing out judgment...

And one more...
Breathing in truth...
Breathing out lies you have believed about yourself...

Let your breath return to its natural rhythm...
Easy...
gentle...
kind.

You are about to meet the truth of who you are.
Not who others said you were.
Not who fear told you that you were.
The truth.

In your mind's eye...
you find yourself standing in a long corridor...
The walls are soft...
glowing with gentle light...
The floor beneath your feet is warm.

This is a sacred space...
a space between worlds...
where truth is revealed.

As you walk forward...
you notice frames on the walls...
In each frame is a reflection of how you have seen yourself.

Some reflections are dark...
distorted...
images of unworthiness and shame...
These are the lies you learned to believe.

Pause at one of these dark mirrors...
Look at it...
What does it show you?
Perhaps the voice of a critical parent...
Perhaps the sting of rejection...
Perhaps the moment you decided you weren't enough.

Now...
place your hand on this mirror...
Feel how cold it is...
This image was never the truth...
It was a wound masquerading as reality.

Say to it...
""I see you...""
""I acknowledge the pain you represent...""
""But you are not who I am...""
""I release you now...""

Watch as the dark mirror begins to crack...
then shatter...
then dissolve into light...
It cannot survive the truth.

Continue walking...
You may pass other dark mirrors...
Acknowledge them...
Release them...
They have no power over you anymore.

At the end of the corridor...
you see a doorway filled with golden light...
This is where the true mirror waits.

Step through the doorway...
and find yourself in a circular room...
In the center stands a mirror unlike any you have seen...

It glows with soft radiance...
Ancient symbols frame its edges...
This is the Mirror of Truth...
It can only reflect what is real.

Slowly...
approach the mirror...
Feel your heart beating...
Perhaps there is nervousness...
Fear of what you might see...

But take another step...
and another...
until you stand directly before it.

Look into the mirror...
What do you see?

At first...
perhaps just your physical form...
But as you gaze deeper...
the reflection begins to change.

You see light emanating from within you...
Soft at first...
then brighter...
A golden glow that surrounds your entire being.

This is your essence.
This is who you truly are beneath the wounds and the stories.

Look at your eyes in the mirror...
They are filled with ancient wisdom...
with compassion...
with strength you forgot you had.

Look at your heart space...
It glows brightest of all...
A radiant sun within your chest...
This is the Kingdom within you...
the light that Yeshua spoke of.

Now...
the mirror begins to speak...
Not with sound...
but with knowing that flows directly into your heart...

""You are worthy...""
""You have always been worthy...""
""Before your first breath, your worth was established...""
""Before your first mistake, you were loved completely...""

""You are not what happened to you...""
""You are not what they said about you...""
""You are not your failures or your fears...""

""You are consciousness clothed in flesh...""
""You are the universe experiencing itself...""
""You are a unique expression of the Divine...""
""There has never been another like you...""
""There will never be another like you...""

""You are irreplaceable...""
""You are invaluable...""
""You are enough...""

Feel these words sink deep into your being...
Past the mind that might argue...
Past the wounds that might resist...
Into the core of who you are.

Place your hand on the mirror...
And feel your reflection place its hand to meet yours...
You and your true self...
finally united.

Now...
step forward...
and merge with your reflection...
Step into the mirror itself.

As you do...
feel yourself filled with golden light...
Every cell remembering its original design...
Every thought aligning with truth...
Every emotion settling into peace.

You are not two...
The false self and the true self...
You are one.
You have always been one.
You simply forgot.

But now...
you remember.

Take a moment to feel this wholeness...
This completeness...
This is what it feels like to know your own worth...
Not as a concept...
But as a lived experience.

From this place of wholeness...
you realize something profound...

You do not need to prove yourself to anyone.
You do not need to earn love.
You do not need to perform to be worthy.

You simply are.

And that is everything.

When you are ready...
begin to walk back through the corridor...
But notice...
all the dark mirrors are gone.
In their place...
reflections of your true self...
radiant...
whole...
worthy.

You are returning to the world now...
but you are not the same.
You have seen the truth.
And the truth has set you free.

Take a deep breath...
feeling your body...
the weight of your being...
grounded and whole.

Wiggle your fingers...
Wiggle your toes...
Feel the surface beneath you.

Place your hand on your heart...
Feel the light still glowing there...
This is yours forever.

When you are ready...
gently open your eyes...
Returning to this moment...
transformed.

You are worthy.
You are valuable.
You are enough.
You always have been.

And so it is.
",Self-Confidence,Phase 1 + Phase 5,,,
013,Forgiveness & Release,Prayer,Short,3–5,Script-Rendered,Declaration choosing forgiveness as a gift to self,I_Choose_to_Release,"I CHOOSE TO RELEASE - Short Prayer (3-4 minutes)
Theme: Forgiveness & Release
Type: Spoken Declaration (user speaks aloud)
Music Cue: Soft, releasing, unburdening - gentle movement from heaviness to lightness

===============================================================================

I stand in the truth of freedom.

I have carried weights that were never mine to hold.
Resentments that poisoned only me.
Memories that played on repeat...
keeping me trapped in a moment that has already passed.

Today...
I choose release.

I forgive.
Not because what happened was okay.
Not because the pain wasn't real.
But because I refuse to let the past hold my future hostage.

Forgiveness is not a gift I give to those who hurt me.
Forgiveness is a gift I give to myself.

I release the person who wounded me.
I release them from the debt I thought they owed.
I release myself from the role of judge and jailer.
I am not meant to carry this.

I release the anger that has lived in my body.
I release the bitterness that has poisoned my thoughts.
I release the replaying of moments I cannot change.

The past is over.
It holds no power except what I give it.
And today...
I take my power back.

I forgive myself.
For the mistakes I made.
For the times I knew better and didn't do better.
For the ways I betrayed my own heart.

I was doing the best I could with what I had.
And that is enough.

Yeshua said...
Forgive and you will be forgiven.
Release and you will be released.

So I forgive.
And I am forgiven.
I release.
And I am released.

My hands are open.
My heart is open.
The chains are falling away.

I am free.
I am light.
I am at peace.

And so it is.
",Forgiveness & Healing,Phase 4 (Limiting Beliefs),,,
014,Forgiveness & Release,Prayer,Medium,12–13,LIVE,Comprehensive prayer releasing past wounds and choosing freedom,Breaking_the_Chains,"BREAKING THE CHAINS - Medium Prayer (12-13 minutes)
Theme: Forgiveness & Release
Type: Spoken Declaration (user speaks aloud)
Music Cue: Building from heavy to light, releasing tension, breakthrough energy - journey from bondage to freedom

===============================================================================

Before I speak...
I acknowledge the weight I have been carrying.

I have held onto things that were meant to be released long ago.
Hurts that calcified into resentment.
Wounds that became part of my identity.
Stories I have told myself so many times they feel like truth.

But today...
I choose a different path.
Today...
I choose freedom.

I acknowledge the pain.
I do not deny that I was hurt.
I do not pretend that what happened was acceptable.
The wound was real.
The betrayal was real.
The loss was real.

But the healing is also real.
And healing requires release.

I understand now that holding onto unforgiveness is like drinking poison...
and expecting the other person to die.
The bitterness has not punished them.
It has only imprisoned me.

I have replayed the moments.
I have rehearsed the conversations.
I have imagined what I should have said...
what I wish I had done.
But none of this changes what happened.
It only keeps me locked in a cell of my own making.

Today...
I walk out of that cell.
The door was never locked from the outside.
I am the one who held it shut.

I speak now to those who have hurt me.

To the one who abandoned me...
I release you.
Your leaving was your journey...
not my worth.
I am not defined by who chose to stay or go.
I release you.

To the one who betrayed my trust...
I release you.
What you did revealed who you were...
not who I am.
I will not carry your choices as my burden.
I release you.

To the one who spoke words that wounded...
I release you.
Your words came from your own pain...
not from truth.
I refuse to let syllables from the past define my future.
I release you.

To anyone who failed to see my value...
I release you.
Your blindness does not determine my worth.
I see myself now.
And that is enough.
I release you.

As I release them...
I feel something shifting.
Chains I didn't know I was wearing begin to fall.
Weight I didn't realize I was carrying begins to lift.

I am not condoning what happened.
I am not saying it was okay.
I am saying I refuse to let it control me any longer.
The past is over.
And I am choosing the present.

Now...
I speak to myself.

I forgive myself for staying too long in situations that hurt me.
I forgive myself for not knowing what I didn't know.
I forgive myself for the times I betrayed my own intuition.
I forgive myself for the mistakes I made when I was surviving.

I was doing the best I could.
I was fighting battles no one could see.
I was learning lessons I didn't know I needed.

I am not my worst moments.
I am not my biggest failures.
I am a soul in progress...
and progress includes stumbling.

I release the shame.
Shame says I am bad.
But guilt says I did something bad.
And even that...
I can release.
Because every mistake has been a teacher.
And I have learned.

I release the need to understand why.
Some things will never make sense.
Some people will never apologize.
Some wounds will never get the closure they deserve.
But I do not need their closure to be free.
I can close the door myself.

I release the version of me that was shaped by this pain.
I am not the wounded one anymore.
I am the healed one.
I am the free one.
I am the one who chose to lay down the burden.

Yeshua said...
Come to me all you who are weary and heavy laden...
and I will give you rest.
Take my yoke upon you...
for my yoke is easy and my burden is light.

I have been carrying a yoke that was never mine.
Today...
I lay it down.
Today...
I receive the rest that was always available.

I declare that the past no longer defines me.
The hurt no longer owns me.
The people who wounded me no longer control my story.

I am the author now.
And I am writing a new chapter.
One where I am free.
One where I am light.
One where I walk forward unburdened.

The chains are broken.
The weight is lifted.
The cell door is open.

I step into freedom.
I step into peace.
I step into a future unshackled by yesterday.

I forgive.
I release.
I am free.

And so it is.
",Forgiveness & Healing,Phase 4 (Limiting Beliefs),,,
015,Forgiveness & Release,Meditation,Short,3–5,Script-Rendered,Visualization of severing energetic attachments to past pain,Cutting_the_Cords,"CUTTING THE CORDS - Short Meditation (4-5 minutes)
Theme: Forgiveness & Release
Type: Guided Visualization (user listens, eyes closed)
Music Cue: Soft, releasing, clearing - movement from density to lightness, sense of unburdening

===============================================================================

Find a comfortable position...
Let your eyes close...
And take one deep...
cleansing breath in...
Hold it...
And release with a sigh...
letting something go.

Take another breath...
Breathing in peace...
Breathing out the past...

Let your body settle.
Let your shoulders drop.
Let your jaw release.

You are safe here.
And you are about to become lighter.

In your mind's eye...
see yourself standing in a quiet space...
Soft light surrounds you...
gentle and warm.

Now...
become aware of cords extending from your body...
These are energetic ties to the past...
connections to people and moments that still pull at you.

Some cords are thin...
minor irritations...
small resentments.

Some are thick...
deep wounds...
old betrayals.

You can feel their weight.
They have been draining your energy...
keeping part of you anchored to what was...
instead of free to receive what is coming.

Now...
see in your hand a blade of light...
glowing gold...
This is the sword of release.

It does not cut with violence.
It cuts with love.
It severs what no longer serves...
so that all involved can be free.

Choose one cord...
perhaps the one that feels heaviest right now...
the one connected to a person or moment that still has a grip on you.

See where it attaches to your body...
Feel the weight of it.

Now...
with compassion...
bring the blade of light to this cord...
And say silently...
""I release you...""
""I free myself...""
""I free you...""
""This connection no longer serves either of us...""

Cut the cord.

Watch as it dissolves into light...
returning to pure energy...
no longer binding...
no longer heavy.

Feel the relief in your body where it was attached.
Breathe into that space.
Let it fill with your own light.

If there are other cords calling your attention...
you may cut them now...
one by one...
releasing...
freeing...
lightening.

""I release you...""
""I am free...""

With each cord released...
you become lighter...
more yourself...
more present.

Take a deep breath...
and feel how different your body feels now...
Less burdened...
More spacious...
Free.

The past no longer has hooks in you.
You have reclaimed your energy.
You are whole.

When you are ready...
gently open your eyes...
carrying this lightness with you.

You are released.
You are free.
You are at peace.

And so it is.
",Forgiveness & Healing,Phase 4 (Limiting Beliefs),,,
016,Forgiveness & Release,Meditation,Medium,12–13,LIVE,"Journey to sacred temple, placing burdens in transformative fire",The_Temple_of_Release,"THE TEMPLE OF RELEASE - Medium Meditation (12-13 minutes)
Theme: Forgiveness & Release
Type: Guided Visualization (user listens, eyes closed)
Music Cue: Deep, transformative, cleansing - builds from heaviness through release to peace, like storm clearing to sunshine

===============================================================================

Welcome…

Find a position where your body can fully relax…
Seated or lying down…
Let the ground beneath you hold your weight.
You do not need to hold yourself anymore.

Close your eyes…
And take a slow…
deep breath in…
As if drawing in fresh air after a long storm.

Hold it gently…
And release through your mouth…
Letting something old begin to leave…
Something that has been waiting for permission to go.

Take another breath…
Breathing in willingness…
Breathing out resistance…
As the Psalm says,
“Be still, and know that I am God.”
Nothing needs to be forced here.

And one more breath…
Breathing in freedom…
Breathing out everything that has kept you bound…
Every weight…
Every unspoken grievance…
Every unfinished story.

Let your breath return to its natural rhythm…
Easy…
Gentle…
Like waves washing a shore clean…
Again…
And again…
Until the sand is smooth.

You are about to journey to a sacred place…
A place where burdens are laid down…
Where chains are broken…
Where the past finally loosens its grip.

In the words of Isaiah,
“Though your sins were like scarlet,
they shall be made white as snow.”

In your mind’s eye…
You find yourself walking on a path through a forest…
The trees are ancient…
Their roots deep…
Their branches forming a canopy of shelter above you.

Soft light filters through the leaves…
Not harsh…
Not demanding…
Just enough to guide you forward.

As you walk…
You become aware of a weight on your back…
A heavy pack you have been carrying…
Filled with old wounds…
Unforgiveness…
Resentments…
Painful memories…
Words spoken…
And words never spoken.

You have carried this pack for so long…
You almost forgot it was there.
It became familiar.
But now…
You feel its weight.
And you realize how tired you have been.

Yeshua once said,
“Come to me, all who are weary and burdened,
and I will give you rest.”

And as you continue walking…
You know relief is ahead.

The path opens into a clearing…
And before you stands a temple…
Simple…
Beautiful…
Made of white stone that seems to glow from within…
Not ornate…
Not intimidating…
But welcoming.

This is the Temple of Release.
It has existed since before time began.
A place where burdens are laid down…
Where debts are forgiven…
Where what is heavy becomes light.

Walk toward the temple…
Climb the stone steps…
And pass through the open doorway.

Inside…
The space is vast and peaceful…
A holy stillness fills the air.
Warm light surrounds you…
Not from lamps…
But from presence.

In the center…
A sacred fire burns…
Not with heat that harms…
But with light that transforms.

This is the fire of release.
The fire Paul spoke of when he said,
“Each one’s work will be tested by fire…
and what is not love will fall away.”

Set down the heavy pack you have been carrying.
Place it on the floor before you.
Feel the relief of simply not holding it…
Even for a moment.

Now…
One by one…
You will remove what is inside.

Reach into the pack…
And pull out the first item…
It may appear as an object…
A symbol…
Or simply a knowing in your heart.

This is a wound you have carried.
A moment that still echoes.
A memory that tightens your chest.

Hold it gently…
Look at it…
Acknowledge the pain it represents.
This mattered.
Your pain was seen.
It was never invisible.

But now…
It is time to release it.

Walk to the sacred fire…
And place this burden into the flames.

Watch as the fire receives it…
Not destroying it with violence…
But transforming it with love.
The pain softens…
The edges dissolve…
The weight becomes light.

Say silently…
“I release this…”
“I forgive…”
“I am free…”

Return to the pack…
And remove the next item.

This may represent a person…
Someone who hurt you…
Someone whose name still carries charge.

Hold the symbol of this relationship…
And speak to them now, silently…

“What you did caused me pain…”
“I have carried this longer than I should have…”
“Today, I choose to forgive…”
“Not because it was okay…”
“But because I deserve peace…”

As Yeshua taught,
“Forgive, and you will be forgiven.”
This is not forgetting.
This is freedom.

Walk to the fire…
And place this burden in the flames.

Watch as the cord between you dissolves…
Not with anger…
But with release.

“I release you…”
“I am free…”

Return to the pack once more…
And now…
You find something that represents yourself.

Your own mistakes…
Your own shame…
The voice that has been hardest on you.

Hold this gently…
This is sacred ground.

Speak now, as if speaking to a beloved child…

“I forgive you…”
“You were learning…”
“There is no condemnation here…”

Walk to the fire…
And place this final burden into the flames.

Watch as it transforms into pure light…
Rising…
Becoming part of the temple itself.

The pack is empty now.
The weight is gone.

Stand before the sacred fire…
And let its light wash over you…
Cleansing…
Renewing…
Restoring.

You are not defined by your past.
You are defined by love.

Take a deep breath…
And feel how light you are.

When you are ready…
Begin your return…
Leaving the empty pack behind.

Step back into the forest…
Into the light…
Into freedom.

And gently…
Return to this moment…
Carrying peace with you.

You are forgiven.
You are released.
You are at peace.

And so it is.
",Forgiveness & Healing,Phase 4 (Limiting Beliefs),,,
017,Fear & Courage,Prayer,Short,3–5,LIVE,"Declaration of peace as birthright, releasing anxiety and control",I_Am_at_Peace,"I AM AT PEACE - Short Prayer (3-4 minutes)
Theme: Peace & Courage
Type: Spoken Declaration (user speaks aloud)
Music Cue: Calm, grounding, steady strength - like a mountain unmoved by wind

===============================================================================

I stand in the truth of peace.

Not peace that depends on circumstances.
Not peace that waits until everything is resolved.
Peace that exists in the midst of the storm.
Peace that is my birthright.

I was not given a spirit of fear.
I was given a spirit of power...
of love...
and of a sound mind.

Fear is not my master.
Anxiety is not my home.
Worry is not my identity.

I am a child of peace.
And peace lives within me.

I release the need to control what I cannot control.
I release the obsession with outcomes.
I release the replaying of worst case scenarios.

These habits have exhausted me.
They have stolen my present moment.
They have robbed me of joy.

Today...
I choose differently.

I breathe in peace.
I breathe out fear.
I breathe in courage.
I breathe out doubt.

Yeshua said...
Peace I leave with you.
My peace I give unto you.
Not as the world gives do I give.
Let not your heart be troubled...
neither let it be afraid.

So I receive this peace.
A peace that passes understanding.
A peace that guards my heart and mind.
A peace that the world cannot take away.

I am calm in chaos.
I am steady in uncertainty.
I am anchored in something deeper than circumstances.

Fear may knock at my door.
But I do not have to let it in.
I acknowledge it.
I thank it for trying to protect me.
And I choose peace instead.

I am brave.
I am strong.
I am held.

I am at peace.

And so it is.
",Stress & Anxiety Relief,Phase 4 (Facing Fears),,,
018,Fear & Courage,Prayer,Medium,12–13,LIVE,"Prayer embracing stillness as strength, speaking to fear and mind",The_Courage_to_Be_Still,"THE COURAGE TO BE STILL - Medium Prayer (12-13 minutes)
Theme: Peace & Courage
Type: Spoken Declaration (user speaks aloud)
Music Cue: Building steadiness, grounded strength, calm power - like deep water that is still on the surface

===============================================================================

Before I speak...
I breathe.

Before I react...
I pause.

Before I decide...
I return to myself.

In this breath...
I find the space between stimulus and response.
In this space...
I find my power.

I have lived too long in reaction.
Jumping at every notification.
Bracing at every sound.
Tensing at every unknown.

Spinning at every worry.
Rehearsing conversations that haven’t happened.
Preparing for disasters that never arrived.

My nervous system has been tired.
My mind has been overworked.
My heart has been carrying weight it was never meant to hold.

But today...
I choose a different way.

Today...
I choose the courage to be still.

Stillness is not weakness.
Stillness is strength.

It takes more courage to be calm than to panic.
It takes more discipline to breathe than to react.
It takes more power to remain peaceful
than to explode or withdraw.

Stillness is an act of trust.
Stillness is an act of faith.

I declare that I am no longer a slave to fear.

Fear has been a loud voice in my life.
Persistent.
Insistent.
Convincing.

It has warned me of dangers that never came.
It has whispered urgency where there was none.
It has kept me alert long after the threat had passed.

It has stolen countless present moments.
Moments that could have been lived.
Moments that could have been enjoyed.

It has kept me small
when I was meant to expand.

But I see fear now for what it is.

Not an enemy…
but a frightened child…
trying to keep me safe…
by keeping me stuck.

I do not need to fight this fear.
I do not need to silence it.
I do not need to shame it.

I simply need to comfort it…
and choose peace anyway.

So I speak to the fear within me...

I see you.
I hear your warnings.
I acknowledge your concern.

Thank you for trying to protect me.
Thank you for watching the horizon.
Thank you for sounding the alarm.

But I am safe now.

I am held by something older than fear.
Stronger than uncertainty.
Wiser than my anxious thoughts.

You can rest.
You don’t have to work so hard anymore.
I’ve got this.

The Word says...
Be still
and know
that I am God.

Not strive and know.
Not panic and know.
Not control and know.

Be still.

In stillness...
I remember who I am.

In stillness...
I remember whose I am.

In stillness...
I reconnect with the Kingdom within.

A Kingdom not built on urgency.
Not ruled by fear.
Not shaken by storms.

In stillness...
I access a peace
that circumstances cannot touch.

I do not need to figure everything out right now.
I do not need to solve every problem today.
I do not need to control what happens next.

I release the illusion of control.
I release the burden of having all the answers.
I release the pressure to be ten steps ahead.

My only job in this moment
is to be present.

My only job
is to breathe.

My only job
is to trust.

I release the addiction to worry.

Worry has felt productive…
like preparation…
like responsibility…
like protection.

But worry has never solved a single problem.
It has never added clarity.
It has never produced peace.

It has only stolen my calm
while I waited for solutions to come.

From now on...
I will pray instead of worry.

I will breathe instead of brace.

I will trust instead of spin.

I will stay present
instead of projecting myself
into a future that hasn’t happened.

I speak to my nervous system...

You are safe.

Right now...
in this moment...
you are safe.

There is no immediate threat.
There is no emergency.
There is nothing you need to fix right now.

The body can relax.
The breath can deepen.
The jaw can unclench.
The shoulders can drop.

We are not under attack.
We are at peace.

I speak to my mind...

You do not need to rehearse every scenario.
You do not need to prepare for every possible disaster.
You do not need certainty in order to rest.

You can rest in not knowing.
You can trust in the unfolding.

Peace does not require answers.
Peace can exist in the mystery.

There is an ancient account...
recorded in early manuscripts...
of Yeshua and his disciples on the water.

The storm rose suddenly.
The waves crashed violently.
The boat filled with water.

Fear spread quickly among the disciples.
They believed they were perishing.

But Yeshua was there.
At rest.
Unmoved.
Asleep in the storm.

When they woke him in terror…
he did not absorb their panic.
He did not mirror their fear.

He asked them...
Why are you so afraid?
Do you still have no faith?

And then…
with authority rooted in peace…
he spoke to the wind…
and the waves fell silent.

And I hear those words spoken to me now.

Why am I so afraid?
Have I forgotten who is in the boat with me?
Have I forgotten whose child I am?
Have I forgotten the Kingdom within me?

I remember now.

And in remembering…
I am at peace.

I declare courage over my life.

Not the absence of fear…
but the willingness to move forward anyway.

I have the courage to speak my truth.
I have the courage to set boundaries.
I have the courage to rest when rest is needed.

I have the courage to pursue what I desire.
I have the courage to fail and try again.
I have the courage to be seen.

I have the courage to be still
when everything around me screams to panic.

This courage does not come from my own strength.
It comes from trust.
It comes from presence.

It comes from knowing that I am never alone.
It comes from remembering that I am held.

It comes from trusting that whatever happens…
I will be given what I need to meet it.

I am not promised a life without storms.
But I am promised peace in the midst of them.

I am promised presence that will not leave me.
I am promised strength made perfect in weakness.

So I walk forward…
not because I am fearless…
but because peace is stronger than fear.

Courage is louder than doubt.
Faith is deeper than uncertainty.

I am a person of peace.
I am a carrier of calm.

When I enter a room…
the frequency shifts.

When I face a challenge…
I bring stillness into chaos.

This is who I am.
This is who I was always meant to be.

I am at peace.
I am courageous.
I am held.
I am safe.

And so I AM.
",Stress & Anxiety Relief,Phase 4 (Facing Fears),,,
019,Fear & Courage,Meditation,Short,3–5,Script-Rendered,"Becoming the eye of the storm, finding stillness amid chaos",The_Calm_Within_the_Storm,"THE CALM WITHIN THE STORM - Short Meditation (4-5 minutes)
Theme: Peace & Courage
Type: Guided Visualization (user listens, eyes closed)
Music Cue: Grounding, steady, protective - sense of being anchored while wind passes around you

===============================================================================

Find a comfortable position...
Let your eyes close...
And take one slow...
deep breath in...

Hold it...

And release...

Let your shoulders drop.
Let your belly soften.
Let your whole body settle into stillness.

Whatever is swirling in your mind right now...
whatever worries...
whatever fears...
let them be there...
but do not follow them.

Just breathe.

In your mind's eye...
see yourself standing in the center of a vast open field...
A storm is approaching on the horizon...
Dark clouds...
distant thunder...
wind beginning to stir.

Feel the air change around you.
This storm represents everything you have been anxious about...
Every uncertainty...
Every fear...
Every what-if.

The wind picks up.
It swirls around you...
pulling at your clothes...
whipping past your ears.

And now...
let your awareness turn inward...

There is an ancient account...
passed down through the earliest manuscripts...
of Yeshua and his disciples crossing the waters.

The sky darkened.
The waves rose.
The wind howled.

The vessel was small.
The storm was violent.
And the waters began to overwhelm the boat.

The disciples cried out in fear.
They believed they were perishing.
They believed the storm would consume them.

But Yeshua was there...
not striving...
not panicked...
not resisting the wind.

He was at rest.
He was sleeping.
Peaceful…
even as the storm raged around him.

The waves did not disturb his center.
The chaos did not pull him from stillness.

When they awakened him...
he did not match their fear.
He did not mirror their panic.

He rose...
calm...
grounded...
anchored in something deeper than the storm.

And with a steady voice...
he spoke into the wind...
he spoke into the waters...

Peace.
Be still.

And the storm obeyed.

Not because the storm was stronger...
but because peace was.

Now return your awareness to yourself...

Notice something...
At your core...
in the center of your being...
there is that same stillness.

No matter how fierce the wind...
this center does not move.
It cannot be touched by the storm.

This is your peace.
This is the Kingdom within.

Anchor your attention there now...
In the stillness at your center...
Breathe into it...
Let it expand.

The storm may continue around you...
but you are untouched.
Not because the storm isn't real...
but because you are rooted in something deeper.

Feel your feet grounded to the earth...
Feel your spine strong and straight...
Feel your breath steady and calm.

You are the eye of the storm.
Chaos may circle...
but at your core...
there is only peace.

Like Yeshua in the boat...
you do not need the storm to end
to be at rest.

Your calm is not dependent on conditions.
Your peace is not waiting for silence.
It is present now.

Now...
watch as the storm begins to pass...
The clouds thin...
The wind softens...
The sky brightens.

Storms always pass.
They are never permanent.

And when you are anchored in peace...
you can wait them out.

Take a deep breath...
and feel the calm that remains.

This peace is yours.
It was there before the storm.
It is here during the storm.
It will be here after.

When you are ready...
gently open your eyes...
carrying this stillness with you.

You are calm.
You are anchored.
You are at peace.

And so it is.
",Stress & Anxiety Relief,Phase 4 (Facing Fears),,,
020,Fear & Courage,Meditation,Medium,12–13,SKIP,"Becoming the mountain, unmoved by storms, embodying peace",The_Mountain_of_Stillness,"THE MOUNTAIN OF STILLNESS - Medium Meditation (12-13 minutes)
Theme: Peace & Courage
Type: Guided Visualization (user listens, eyes closed)
Music Cue: Deep, grounding, majestic - sense of ancient strength, unshakeable presence, slow building peace

===============================================================================

Welcome...

Find a position where your body can fully relax...
Seated is ideal for this practice...
Spine tall but not rigid...
Hands resting gently on your thighs.

Close your eyes...
And take a slow...
deep breath in...
Hold it gently...
And release through your mouth...
letting everything go.

Take another breath...
Breathing in stillness...
Breathing out agitation...

And one more...
Breathing in courage...
Breathing out fear...

Let your breath return to its natural rhythm...
Steady...
easy...
like the breath of someone who is completely at peace.

You are about to become the mountain.
Unshakeable.
Unmoved.
At peace regardless of what swirls around you.

In your mind's eye...
see a great mountain rising before you...
Ancient...
majestic...
its peak touching the clouds...
its base rooted deep in the earth.

This mountain has stood for millions of years.
It has witnessed countless storms.
Rain has lashed its surface.
Wind has howled around its peaks.
Snow has covered it in white.
The sun has beaten down upon it.

And through it all...
the mountain has remained.
Steady.
Still.
At peace.

Now...
begin to merge with the mountain.
Feel yourself becoming one with it.

Your spine becomes the mountain's core...
solid...
strong...
reaching from earth to sky.

Your shoulders become the mountain's slopes...
broad...
stable...
able to bear any weight.

Your head becomes the peak...
rising above the clouds...
above the noise...
into clear blue stillness.

Your legs and hips become the base...
rooted deep into the earth...
unshakeable...
grounded.

You are the mountain now.

Feel what it is to be so still...
so anchored...
so at peace with simply being.

The mountain does not worry about tomorrow.
The mountain does not regret yesterday.
The mountain simply is.
Present.
Aware.
At peace.

Now...
clouds begin to gather around you...
A storm is forming.
Watch it approach without fear.
You have weathered countless storms.
This one is no different.

Rain begins to fall on your surface...
Feel it...
but know it cannot penetrate your core.
The rain is the small worries of daily life...
They touch you...
but they do not disturb your stillness.

Wind begins to howl around your peak...
Feel it pull at you...
but you do not move.
The wind is the opinions of others...
the chaos of the world...
the noise that demands your attention.
But you are the mountain.
You do not bend to the wind.

Lightning flashes across the sky...
Thunder rumbles through the valley below.
Feel the power of it...
but remain unmoved.
The lightning is the sudden crises...
the unexpected challenges...
the moments that used to send you into panic.
But you are the mountain.
You have survived every storm before.
You will survive this one too.

The storm rages on...
And you remain.
Still.
Steady.
At peace.

This is courage.
Not the absence of the storm.
But the steadiness to remain unmoved within it.
Not the absence of fear.
But the strength to stay grounded anyway.

Slowly...
the storm begins to pass...
The rain softens...
The wind calms...
The clouds part.

And there you are.
The mountain.
Unmoved.
At peace.
Washed clean by the rain.
Stronger than before.

The sun breaks through...
Warm light touches your surface...
Steam rises gently as the water evaporates.

This is what remains when the storm passes.
Warmth.
Light.
Peace.

And you are still here.
You are always still here.
No matter what comes...
you remain.

Now...
slowly begin to separate from the mountain...
But carry its essence with you.

Feel your own spine...
still tall...
still strong.

Feel your own breath...
still steady...
still calm.

Feel your own core...
still anchored...
still at peace.

You are not the chaos around you.
You are not the storms that pass through your life.
You are the mountain.
The witness.
The stillness that remains.

This peace is always available to you.
Whenever fear rises...
become the mountain.
Whenever anxiety swirls...
become the mountain.
Whenever the world feels too much...
become the mountain.

Stillness is your strength.
Peace is your power.
Courage is your nature.

Take a deep breath now...
filling yourself with this knowing.

You are calm.
You are steady.
You are brave.
You are at peace.

Begin to deepen your breath...
Feeling your body...
Wiggling your fingers...
your toes...

Feel the ground beneath you...
the stability of this moment.

When you are ready...
gently open your eyes...
Returning to the world...
but carrying the mountain within you.

You are unshakeable.
You are at peace.
You are brave.

And so it is.
",Stress & Anxiety Relief,Phase 4 (Facing Fears),,,
021,Gratitude & Joy,Prayer,Short,3–5,Script-Rendered,"Declaration of gratitude for breath, body, provision, and people",I_Am_Grateful,"I AM GRATEFUL - Short Prayer (3-4 minutes)
Theme: Gratitude & Joy
Type: Spoken Declaration (user speaks aloud)
Music Cue: Warm, uplifting, heart-opening - sense of abundance and celebration

===============================================================================

I stand in the truth of gratitude.

Not gratitude that waits for perfect circumstances.
Not gratitude that comes only when I get what I want.
Gratitude that exists right here...
right now...
in the midst of the unfinished and the imperfect.

I am grateful.

I am grateful for the breath in my lungs.
I am grateful for the heart beating in my chest.
I am grateful for the body that carries me through this life.

I am grateful for the roof over my head.
I am grateful for the food that nourishes me.
I am grateful for the water that sustains me.

I am grateful for the people who love me.
I am grateful for the strangers who have shown me kindness.
I am grateful even for those who challenged me...
for they taught me who I am.

What I appreciate...
appreciates.
What I focus on...
expands.

So I focus on blessings.
And blessings multiply.

I choose to see abundance instead of lack.
I choose to notice what is working instead of what is broken.
I choose to celebrate progress instead of obsessing over perfection.

Gratitude is not just a feeling.
It is a frequency.
And I am tuning myself to that frequency now.

I am grateful for what I have.
I am grateful for what is coming.
I am grateful for this moment...
exactly as it is.

Joy is my birthright.
Happiness is not something I chase.
It is something I choose.

And today...
I choose joy.

Thank you.
Thank you.
Thank you.

And so it is.
",Gratitude & Joy,Phase 7 (Gratitude),,,
022,Gratitude & Joy,Prayer,Medium,12–13,LIVE,"Comprehensive gratitude prayer for body, mind, relationships, challenges",The_Frequency_of_Thankfulness,"THE FREQUENCY OF THANKFULNESS - Medium Prayer (12-13 minutes)
Theme: Gratitude & Joy
Type: Spoken Declaration (user speaks aloud)
Music Cue: Building warmth, celebratory, heart-expanding - journey from quiet appreciation to overflowing joy

===============================================================================

Before I speak...
I pause to notice.

Before I name what I want...
I honor what already is.

Before I ask for more...
I acknowledge what has been given.

I have been given so much.
And too often...
I have focused on what is missing.

I have measured my life
by lack instead of abundance.
By delay instead of provision.
By comparison instead of gratitude.

Today...
I shift my gaze.

Today...
I turn my attention toward what is present.

Today...
I count blessings instead of problems.

I begin with my body.

Thank you...
heart...
for beating over one hundred thousand times today
without being asked.

Thank you...
for continuing through joy and sorrow.
Through rest and stress.
Through conscious thought and deep sleep.

Thank you...
lungs...
for breathing without my effort.
For receiving life moment by moment.
For sustaining me without complaint.

Thank you...
immune system...
for fighting battles I never even knew about.
For defending me in silence.
For working in the dark so I can live in the light.

I am grateful for my eyes
that see color and shape and movement.
That witness beauty.
That recognize faces.

I am grateful for my ears
that hear music and laughter.
That recognize love in a familiar voice.
That allow me to listen.

I am grateful for my hands
that can create and build.
That can give and receive comfort.
That can hold another with gentleness.

I am grateful for my legs
that carry me where I need to go.
Step by step.
Day by day.

And even the parts that ache...
even the systems that struggle...
even the places still healing...

I thank you
for continuing to try.
I thank you
for not giving up on me.

I speak gratitude over my mind.

Thank you
for the thoughts that solve problems.
Thank you
for the imagination that sees possibilities.

Thank you
for creativity.
For insight.
For intuition.

Thank you
for memories that connect me
to those I love.

Thank you
for the ability to learn.
To adapt.
To grow.

I have been critical of my mind.
I have called it anxious...
scattered...
too much...
not enough.

But my mind has been working for me all along.
Trying to protect me.
Trying to predict danger.
Trying to make sense of the world.

So today...
I offer it gratitude instead of judgment.

Thank you.

I speak gratitude over my life circumstances.

I am grateful
for the roof over my head.
Even if it is not my dream home...
it shelters me.

I am grateful
for the food in my kitchen.
Even if it is simple...
it nourishes me.

I am grateful
for the clothes on my back.
Even if they are worn...
they protect me.

So many in this world
do not have these things.
And I have forgotten
how extraordinary they are.

Not today.

I am grateful for running water.
I am grateful for electricity.
I am grateful for warmth in the cold
and coolness in the heat.

I am grateful for the tools
that connect me to others.
For voices across distance.
For shared presence across time and space.

These are not small things.
These are modern miracles
I have stopped noticing.

I speak gratitude over my relationships.

Thank you
for the people who love me.
The ones who stay
even when I am not easy to love.

Thank you
for those who celebrate my victories.
And those who sit with me in grief.

Thank you
for laughter shared.
For meals remembered.
For moments that shaped me.

Thank you
for family who formed me.
For friends who chose me.
For mentors who guided me.

Thank you
for strangers
who offered kindness
without expectation.

I have not always appreciated these people.
I have noticed their flaws
more than their faithfulness.

Today...
I choose to see them
with grateful eyes.

Today...
I choose to thank them.
Out loud if I can.
In my heart if I cannot.

I speak gratitude over my challenges.

This may seem strange.
But I am grateful
for the hard times.

For they shaped me.
They refined me.
They revealed me to myself.

The rejection taught me resilience.
The failure taught me humility.
The loss taught me what truly matters.
The struggle taught me my own strength.

I would not have chosen these moments.
But I can choose
to honor what they produced.

I speak gratitude
over what is coming.

I thank the abundance
already moving toward me.
Seen and unseen.

I thank the opportunities
forming beyond my awareness.

I thank the healing
already underway.

I thank the alignments
taking shape.

I thank the breakthrough
closer than I think.

This is not wishful thinking.
This is alignment.

This is tuning my frequency.

Gratitude for the unseen
draws it into form.

I understand now
that gratitude is not just polite.
It is powerful.

What I appreciate...
appreciates.

What I focus on...
expands.

Creation does not respond to complaint.
It responds to resonance.

And gratitude
is one of the highest frequencies
I can embody.

When I am grateful...
I signal readiness.

When I notice blessings...
I open space for more.

When I celebrate what is...
I prepare the way
for what will be.

So I choose joy.

Not because everything is perfect.
But because joy is a decision...
not a destination.

I do not need to wait
until I have more.

I can be content now.
I can be joyful now.
I can celebrate this moment now.

Joy does not depend on circumstances.
Joy arises from within.

And I am choosing it today.

I am grateful.
I am joyful.
I am blessed.
I am overflowing.

Thank you...
thank you...
thank you.

For all that has been.
For all that is.
For all that is to come.

And so it is.
",Gratitude & Joy,Phase 7 (Gratitude),,,
023,Gratitude & Joy,Meditation,Short,3–5,SKIP,Visualization of golden gratitude light filling and overflowing,Filling_with_Light,"FILLING WITH LIGHT - Short Meditation (4-5 minutes)
Theme: Gratitude & Joy
Type: Guided Visualization (user listens, eyes closed)
Music Cue: Warm, gentle, uplifting - like morning sunlight filling a room

===============================================================================

Find a comfortable position...
Let your eyes close...
And take one slow...
deep breath in...
Hold it...
And release with a gentle sigh...

Let your body settle.
Let your face soften.
Let this moment be enough.

Place your hand on your heart...
Feel it beating beneath your palm...
This heart has been beating for you your entire life.
Without being asked.
Without stopping.

Take a moment to thank it...
silently...
""Thank you...""

Now...
imagine a warm golden light beginning to glow in your chest...
Right where your hand rests...
This is the light of gratitude.

With each breath...
let this light grow brighter...
warmer...
more radiant.

As it expands...
begin to fill it with the things you are grateful for.

Think of one person you love...
See their face...
Feel your gratitude for them...
Watch the light grow brighter.

Think of one thing in your life that is working...
It could be small...
A roof over your head...
Food in your kitchen...
A moment of peace...
Feel your gratitude for it...
Watch the light expand.

Think of your body...
All the ways it has carried you...
All the ways it has healed...
All the ways it continues to try...
Feel gratitude for this vessel...
Watch the light fill your entire chest.

Now let the light spread...
Up through your throat...
Into your face...
The top of your head...

Down through your belly...
Your hips...
Your legs...
All the way to your toes.

Your entire body is now glowing with golden gratitude light...
Warm...
Radiant...
Full.

This is what gratitude feels like in the body.
This is the frequency of thankfulness.
This is the vibration that attracts more blessings.

Take a deep breath...
and let this light overflow from you...
Spilling out into the room around you...
Touching everyone and everything you love.

When you are grateful...
the whole world benefits.

Carry this light with you today.
Let it color how you see.
Let it shift what you notice.

There is so much to be thankful for.
And you are remembering.

When you are ready...
gently open your eyes...
keeping your hand on your heart a moment longer.

You are blessed.
You are grateful.
You are full.

And so it is.
",Gratitude & Joy,Phase 7 (Gratitude),,,
024,Gratitude & Joy,Meditation,Medium,12–13,Script-Longer-PAUSE,Journey through garden sections representing different blessings,The_Garden_of_Blessings,"THE GARDEN OF BLESSINGS - Medium Meditation (12-13 minutes)
Theme: Gratitude & Joy
Type: Guided Visualization (user listens, eyes closed)
Music Cue: Lush, warm, celebratory - sense of abundance, beauty, overflowing goodness

===============================================================================

Welcome...

Find a position where your body can fully relax...
Seated or lying down...
let yourself be completely supported.

Close your eyes...
And take a slow...
deep breath in...
Hold it gently...
And release through your mouth...
letting everything soften.

Take another breath...
Breathing in warmth...
Breathing out tension...

And one more...
Breathing in gratitude...
Breathing out heaviness...

Let your breath return to its natural rhythm...
Easy...
peaceful...
content.

You are about to visit a place where all your blessings are visible...
Where you can see...
touch...
and celebrate everything good in your life.

In your mind's eye...
you find yourself standing at an ornate garden gate...
The gate is made of gold and silver...
adorned with flowers and vines.

Beyond the gate...
you can see glimpses of extraordinary beauty...
Color and light...
Abundance everywhere.

This is your Garden of Blessings.
Everything you have ever been grateful for...
lives here.

Slowly...
push open the gate...
and step inside.

As you enter...
you are surrounded by beauty beyond imagination...
Flowers of every color bloom around you...
Trees heavy with fruit line the pathways...
Fountains sparkle in the sunlight...
Birds sing in the branches above.

Each element of this garden represents something good in your life.

Begin to walk along the path...
and notice the first section of the garden...
The Garden of People.

Here you see roses...
each one representing someone who has loved you...
Walk among them...
See faces in the petals...
Family members...
Friends...
Mentors...
Even brief encounters with strangers who showed kindness.

So many people have blessed your life.
Touch one of the roses gently...
and say thank you to the person it represents.

Feel the gratitude in your heart.
These connections are treasures.

Continue walking...
and come to a grove of fruit trees...
This is the Garden of Provision.

Each tree is heavy with fruit...
representing the ways you have been provided for.
Food on your table...
Clothes on your back...
Roof over your head...
Money when you needed it...
Opportunities that appeared at the right time.

Pick a piece of fruit...
hold it in your hands...
Feel its weight...
its realness.

You have been provided for.
Even when you worried...
provision came.
Thank the trees for their abundance.

The path winds onward...
and you enter a meadow filled with wildflowers...
This is the Garden of Simple Joys.

Each flower represents a small moment of happiness...
A sunset that took your breath away...
A meal that tasted perfect...
A song that moved you...
A laugh shared with someone you love...
A quiet morning with coffee in your hands.

These moments may have seemed ordinary...
but they are treasures.
Kneel down...
and let yourself be surrounded by the wildflowers...
So many simple joys.
So much happiness you almost forgot to notice.

Thank these moments now.

Rise and continue...
The path leads to a clearing with a still pool of water...
This is the Garden of Lessons.

Look into the water...
and see reflected there the challenges you have faced...
The hard times...
The struggles...
The moments you thought you wouldn't survive.

But notice...
growing around the pool are the most beautiful flowers of all...
These bloomed from the difficult seasons.
Resilience grew from rejection.
Wisdom grew from failure.
Compassion grew from pain.

Your struggles were not wasted.
They became gardens.
Thank even these.

At the center of the garden...
you discover something extraordinary...
A tree unlike any other...
Its trunk is golden...
Its branches reach toward heaven...
Its leaves shimmer with light.

This is the Tree of Future Blessings.

On its branches hang fruit that has not yet ripened...
These are the blessings on their way to you.
Abundance you cannot yet see.
Relationships aligning.
Opportunities forming.
Healing unfolding.

You cannot pick this fruit yet...
but you can thank it.

Place your hand on the golden trunk...
and feel the pulse of life within it.
Your future blessings are real.
They are growing.
They will come.

Thank them now...
as if they have already arrived.
Because in the unseen...
they have.

Take a deep breath...
and look around your Garden of Blessings.

This garden exists because of your life.
Every good thing you have experienced...
every person who has loved you...
every provision...
every joy...
every lesson...
lives here.

And it continues to grow.

As you stand in the center of your abundance...
let your heart overflow with gratitude.

So much has been given.
So much is coming.
You are blessed beyond measure.

When you are ready...
slowly walk back toward the golden gate...
Carrying this feeling with you.

As you step through the gate...
know that you can return here anytime.
This garden is always here.
Your blessings are always real.

Take a deep breath...
feeling your body...
the weight of your being...
full and grateful.

Wiggle your fingers...
Wiggle your toes...
Feel this moment...
this breath...
this life.

When you are ready...
gently open your eyes...
Bringing the garden with you.

You are blessed.
You are grateful.
You are overflowing with good.

And so it is.
",Gratitude & Joy,Phase 7 (Gratitude),,,
025,Surrender & Trust,Prayer,Short,3–5,SKIP,"Declaration releasing control, trusting divine timing",I_Surrender,"I SURRENDER - Short Prayer (3-4 minutes)
Theme: Surrender & Trust
Type: Spoken Declaration (user speaks aloud)
Music Cue: Soft, releasing, peaceful - sense of laying down burdens, opening hands

===============================================================================

I stand in the truth of surrender.

Not surrender as defeat.
But surrender as wisdom.
The wisdom to know what I can control...
and what I cannot.

I have been gripping too tightly.
Clenching my fists around outcomes.
Demanding that life unfold according to my timeline.
Exhausting myself with the weight of control.

Today...
I open my hands.

I surrender the need to know exactly how things will work out.
I surrender the obsession with timing.
I surrender the illusion that my effort alone determines the outcome.

I have done my part.
I have set my intentions.
I have taken inspired action.

Now...
I release the rest.

I trust that unseen forces are working on my behalf.
I trust that divine timing is real.
I trust that delays are not denials...
but preparations.

What I seek is seeking me.
I do not need to chase it with desperation.
I only need to align with it in faith.

Yeshua said...
Consider the lilies of the field...
they neither toil nor spin...
yet even Solomon in all his glory was not arrayed like one of these.

If nature is provided for without straining...
so am I.

I am held.
I am guided.
I am supported by something greater than myself.

I trade anxiety for expectancy.
I trade resistance for flow.
I trade control for trust.

I've done my part.
I release the rest.
I trust the timing.

And so it is.
",Surrender & Trust,Phases 9–10,,,
026,Surrender & Trust,Prayer,Medium,12–13,Script-Longer-PAUSE,"Comprehensive surrender prayer releasing how, when, and outcomes",Releasing_into_Divine_Timing,"RELEASING INTO DIVINE TIMING - Medium Prayer (12-13 minutes)
Theme: Surrender & Trust
Type: Spoken Declaration (user speaks aloud)
Music Cue: Flowing, releasing, trusting - like a river finding its way to the ocean without force

===============================================================================

Before I speak...
I breathe.

And in this breath...
I soften my body.
I loosen my grip.
I begin to let go.

I have carried so much.
The weight of needing to figure it all out.
The burden of managing every detail.
The exhaustion of forcing what was meant to flow.

I have tried to hold the whole future in my hands.
I have tried to be prepared for every possibility.
I have tried to protect myself from disappointment
by controlling the outcome.

And I am tired.

So today...
I lay it down.

Surrender is not weakness.
Surrender is wisdom.

It is the recognition
that there are forces greater than my conscious mind…
forces moving quietly…
patiently…
arranging and aligning in ways I cannot see.

I have tried to be the architect of every outcome.
I have gripped my plans with white knuckles.
I have demanded that life conform to my timeline.

And I am tired of resisting the current.

So today...
I release.

I release the need to know how.

How will this work out?
How will this come together?
How will I get from here to there?

I release the endless questioning.

I do not need to know the how.
The how is not my responsibility.

My responsibility is the intention.
My responsibility is the integrity of my actions.
My responsibility is the alignment of my heart.

The how belongs to the unseen.

I release the need to know when.

I have set deadlines in my mind.
I have told myself it must happen by this date
or something has gone wrong.

But divine timing does not answer to human calendars.

Delay does not mean denial.
Waiting does not mean abandonment.

Sometimes what I am waiting for
is being prepared in ways that exceed my imagination.

If everything arrived the moment I asked for it,
I would not yet have the capacity to hold it.

Growth takes time.
Expansion requires preparation.

Timing is not punishment.
Timing is precision.

I release the need to control the outcome.

I have been very specific about how things must look.
The exact job.
The exact person.
The exact amount.
The exact circumstances.

But what if the universe has something better?
What if my narrow vision is blocking a broader blessing?
What if my attachment to the form
is preventing the essence from arriving?

So I open myself now
to something greater than I imagined.

I release the form.
I trust the essence.
I allow surprise.

I surrender the people I cannot change.

I have spent energy trying to manage others.
Trying to make them understand.
Trying to force timing that is not mine to dictate.

But people are not projects.
They have their own paths.
Their own lessons.
Their own seasons of growth.

I release them to their journey.
And I return my attention to my own.

I surrender the past I cannot rewrite.

I have replayed moments endlessly.
Wishing I had known then what I know now.

But the past is complete.
It has already taught me what it came to teach.

I release the regret.
I keep the wisdom.
I move forward lighter than before.

I surrender the future I cannot guarantee.

I have spent so much of my present
worrying about what might happen.

But worry has never changed an outcome.
It has only stolen my peace
while I waited for life to unfold.

So I trade worry for trust.
I trade anxiety for expectancy.
I trade fear for faith.

Yeshua said…
Therefore do not worry about tomorrow…
for tomorrow will worry about itself.
Each day has enough trouble of its own.

I receive this wisdom now.

I choose to live in this day…
this moment…
this breath.

Tomorrow will reveal itself
when it becomes today.

I declare now
that I trust the process.

I trust that what is for me
cannot miss me.

I trust that what misses me
was never meant to stay.

I trust that the universe
is conspiring for my good.

I trust that even delays are purposeful.
I trust that even disappointments
are redirections.

I am not abandoned.
I am not forgotten.
I am not left to figure this out alone.

There is an intelligence greater than my mind.
A wisdom beyond my understanding.
A love that holds me
even when I cannot feel it.

And I rest in that now.

My job is to set the intention.
My job is to take inspired action.
My job is to remain in alignment.

And then…
my job is to release.

I’ve done my part.
I release the rest.
I trust the timing.

I am a co-creator with the universe.
Not the sole creator.
Not the one in control of everything.

But a partner in this unfolding.

And partners trust each other.

So I trust.
I surrender.
I allow.
I receive.

Whatever is for my highest good
is making its way to me now.

I do not need to chase it.
I do not need to force it.
I only need to stay open.

Calm expectancy is my posture now.

Like a traveler waiting at the station…
knowing the train will arrive…
not anxious…
not desperate…
just present and ready.

I am present.
I am ready.
I am surrendered.

Namaste.
And so it is.
",Surrender & Trust,Phases 9–10,,,
027,Surrender & Trust,Meditation,Short,3–5,Script-Rendered,"Visualization of turning palms upward, releasing what is controlled",Open_Hands_-_Zube?,"OPEN HANDS - Short Meditation (4-5 minutes)
Theme: Surrender & Trust
Type: Guided Visualization (user listens, eyes closed)
Music Cue: Soft, releasing, flowing - sense of letting go, opening, trusting

===============================================================================

Find a comfortable position...
Let your eyes close...

And take one slow...
deep breath in...

Hold it...

And release with a gentle, letting-go sigh...

Allow your body to settle.
Allow your jaw to soften.
Allow your shoulders to melt downward.

You do not need to do anything right now.
You do not need to fix anything.
Allow this moment to be enough.

Bring your attention to your hands...

Notice how they are resting...
Notice the fingers...
the palms...
the wrists...

Are your hands clenched?
Tight?
Holding tension without realizing it?

Many of us carry our effort here.
We grip life with our hands.
We brace.
We hold on.

Trying to control outcomes...
Trying to secure certainty...
Trying to make sure nothing falls apart.

Now...
very slowly...

Turn your palms to face upward...
and consciously open your hands...

Gently spread your fingers wide...
and then let them relax...

Feel the subtle shift in your body.
Feel how opening your hands
changes your breath.

There is vulnerability in open hands.
There is honesty here.
There is surrender in this simple gesture.

Open hands cannot grip.
Open hands cannot force.
Open hands cannot control.

Open hands can only receive.

In your mind’s eye now...
see yourself holding something
you have been trying to control.

An outcome you are attached to...
A situation you keep revisiting...
A timeline you have been pressing against.

See it resting in your hands.
Notice its weight.
Notice how tightly you’ve been holding it.

There is no judgment here.
Only awareness.

Now...
with your next slow exhale...

Imagine loosening your grip.
Imagine releasing it upward...

Offering it to something greater than yourself...
Something wiser...
Something steadier than effort.

Watch it rise from your open palms...
Becoming lighter...
Less dense...
Less heavy.

See it float upward...
until it disappears from view.

You are not giving up.
You are giving over.

Silently say to yourself...

“I’ve done my part...”
“I release the rest...”
“I trust the timing...”

Let those words settle into your body.

Feel the relief that comes with release.
Feel your shoulders drop further.
Feel your breath deepen naturally.

This is what surrender feels like.

Not defeat.
Not weakness.

Freedom.

Whatever you released
is now in hands wiser than yours.

It is being tended in the unseen.
It is unfolding beyond your effort.

You do not need to carry it anymore.

Take another slow, deep breath...

And let your hands remain open...

Let them symbolize your willingness to receive...
whatever comes...
in whatever timing...
in whatever form.

Trust does not mean passivity.
Trust is an act of courage.

Trust is saying...
“I believe life is meeting me.”
“I believe I am supported.”

Even here.
Even now.

Remain in this openness for a few more breaths.
Nothing to force.
Nothing to hold.

Just open hands...
and an open heart.

When you are ready...
begin to gently bring awareness back to the room...

And when it feels right...
softly open your eyes...

Keeping your hands open a moment longer...
as a reminder of this state.

You are held.
You are guided.
You are free.

Namaste.
And so it is.
",Surrender & Trust,Phases 9–10,,,
028,Surrender & Trust,Meditation,Medium,12–13,SKIP,"Floating downstream instead of fighting current, releasing stones",The_River_of_Trust,"THE RIVER OF TRUST - Medium Meditation (12-13 minutes)
Theme: Surrender & Trust
Type: Guided Visualization (user listens, eyes closed)
Music Cue: Flowing, peaceful, expansive - like water moving without effort, finding its path

===============================================================================

Welcome...

Find a position where your body can fully relax...
Seated or lying down...
let yourself be completely supported.

Close your eyes...
And take a slow...
deep breath in...
Hold it gently...
And release through your mouth...
letting go of control.

Take another breath...
Breathing in trust...
Breathing out striving...

And one more...
Breathing in surrender...
Breathing out the need to force...

Let your breath return to its natural rhythm...
Easy...
uncontrolled...
flowing.

You have been swimming upstream.
Fighting the current.
Exhausting yourself trying to make things happen through sheer force.

Today...
you learn a different way.
Today...
you discover the power of flow.

In your mind's eye...
you find yourself standing waist-deep in a gently flowing river.
The water is warm...
clear...
and moving steadily forward.

You have been facing upstream...
pushing against the current...
trying to get somewhere through effort alone.
And you are tired.

Notice how your muscles ache from the resistance.
Notice how much energy it takes to stay in place...
let alone move forward.
This is what control feels like.
This is what forcing feels like.

Now...
I invite you to do something that may feel frightening at first.
Turn around.
Face downstream.
And let the current carry you.

Feel the resistance as you consider this...
The fear of losing control...
The worry about where you will end up...
The need to see the destination before you go.

But the river knows where it is going.
It has flowed this path for centuries.
It always reaches the ocean.

Slowly...
turn your body to face downstream.
Feel the current now supporting you instead of fighting you.

Take a breath...
and lift your feet from the riverbed.

Float.

Feel the water hold you.
Feel the current carry you.
You are moving forward now...
without effort.

This is what surrender feels like.
Not giving up.
Giving over.
Allowing a wisdom greater than your own to carry you.

As you float...
you pass through different landscapes.
Some you recognize...
Some are new.

You realize you would never have discovered these places by fighting upstream.
Surrender is revealing what control never could.

Now...
the river carries you into a wider section...
The water becomes still and deep.
A pool of perfect peace.

Here...
you can stand.
The water is chest high...
warm...
holding you.

In this pool...
you are invited to release what you have been carrying.

Think of something you have been trying to control...
A situation...
An outcome...
A person...
A timeline.

See it in your hands as a stone...
heavy...
dense...
exhausting to hold.

You have been swimming with this stone...
wondering why you are so tired.

Now...
with your next exhale...
open your hands...
and let the stone sink to the bottom of the pool.

Watch it fall...
down...
down...
until it disappears into the depths.

Feel how light you are now.
Feel how free.

The pool will hold what you cannot.
The river will carry it to where it needs to go.
You do not need to know the how or the when.
You only need to trust.

If there is more you are carrying...
more stones...
more burdens of control...
release them now.
One by one.
Watching them sink.
Feeling yourself lighten.

When your hands are empty...
float on your back in this pool of peace.
Let the water hold you completely.
Let go of all effort.

This is trust.
Not passive.
Powerful.
It tells the universe...
I believe you know what you are doing.
I believe this is all working out.
I believe I am held.

Rest here as long as you need.

The river will resume when you are ready.
It will carry you forward...
to exactly where you need to be...
at exactly the right time.

Divine timing is real.
And you are learning to flow with it.

When you are ready to return...
slowly bring your awareness back to your body...
Feel yourself resting...
no longer swimming against anything.

Take a deep breath...
and feel the peace that comes with surrender.

You do not have to figure it all out.
You do not have to control every detail.
You only have to stay in the flow.

Wiggle your fingers...
Wiggle your toes...
Feel this moment...
this breath...
this trust.

When you are ready...
gently open your eyes...
Carrying the river with you.

You are held.
You are carried.
You are exactly where you need to be.

And so it is.
",Surrender & Trust,Phases 9–10,,,
029,Purpose & Vision,Prayer,Short,3–5,SKIP,"Declaration that purpose is within, clarity comes through movement",I_Know_Why_I_Am_Here,"I KNOW WHY I AM HERE - Short Prayer (3-4 minutes)
Theme: Purpose & Vision
Type: Spoken Declaration (user speaks aloud)
Music Cue: Inspiring, forward-moving, hopeful - sense of clarity and calling emerging

===============================================================================

I stand in the truth of my purpose.

I am not an accident.
I am not a random collection of cells.
I am here for a reason.

There is something I came to do.
There is something only I can contribute.
There is a space in this world shaped exactly like me.

I release the confusion about why I am here.
I release the comparison to others and their paths.
I release the fear that my purpose is hidden or too small.

My purpose is not hiding from me.
It is within me.
Woven into my interests...
my passions...
my pain...
my unique way of seeing the world.

What I love is a clue.
What moves me is a sign.
What breaks my heart is a calling.

I do not need to have it all figured out.
I only need to take the next step.
Clarity comes through movement...
not through waiting.

Yeshua said...
You are the light of the world.
A city set on a hill cannot be hidden.

I have a light to shine.
A gift to give.
A message to share.
A contribution to make.

I was not given this life to simply survive it.
I was given this life to live it fully...
to express something that has never been expressed before...
because there has never been another me.

I am clear.
I am called.
I am moving toward my purpose.

One step at a time.
One day at a time.
Trusting that the path will reveal itself as I walk.

I know why I am here.
And I am ready to live it.

And so it is.
",Motivation & Productivity,Phase 2 (Values & Vision),,,
030,Purpose & Vision,Prayer,Medium,12–13,SKIP,"Prayer finding purpose at intersection of passion, skill, and need",Awakening_to_My_Calling,"AWAKENING TO MY CALLING - Medium Prayer (12-13 minutes)
Theme: Purpose & Vision
Type: Spoken Declaration (user speaks aloud)
Music Cue: Building inspiration, expansive, powerful - journey from seeking to knowing

===============================================================================

Before I speak...
I remember.

I remember that I chose to be here.
That before I took form...
something in me said yes to this life.
Yes to this time.
Yes to this purpose.

I may have forgotten.
But today...
I begin to remember.

I have spent too long wondering why I am here.
Too long comparing my path to others.
Too long waiting for clarity to strike like lightning.

But purpose does not arrive in a flash.
It unfolds in a walk.
And today...
I take the next step.

I release the belief that I have no purpose.
Everyone who draws breath has a reason for being here.
The universe does not create without intention.
I am not an exception to this rule.

I release the belief that my purpose must be grand.
Not everyone is meant to stand on stages.
Some purposes are quiet...
intimate...
no less sacred.
The mother who raises conscious children changes the world.
The friend who listens deeply saves lives.
The person who simply radiates peace shifts every room they enter.

I release the belief that I will miss my purpose.
What is meant for me cannot miss me.
I cannot mess this up so badly that the universe abandons the plan.
Even my detours are being used.
Even my mistakes have become teachers.

I now open myself to clarity.

What do I love?
What makes me lose track of time?
What would I do even if no one paid me?
What lights me up when I talk about it?

These are not random preferences.
They are clues.
Breadcrumbs leading me home to my calling.

What am I good at?
What comes naturally to me that others find difficult?
What have people consistently praised me for?
What skills have I developed through joy and through struggle?

These are not accidents.
They are tools placed in my hands for a reason.

What does the world need?
What breaks my heart when I see it?
What do I wish someone would fix?
What makes me angry because it should not be this way?

These are not just emotions.
They are invitations.
Callings disguised as compassion.

Where do these three circles overlap?
What I love...
what I am good at...
what the world needs...

That intersection is my purpose.
Not abstract.
Not distant.
Already alive within me.

I speak now to the vision for my life.

I am not meant to simply survive.
I am meant to thrive.
I am meant to contribute.
I am meant to leave this world different than I found it.

I see myself living in alignment.
My work is an expression of my purpose.
My relationships support my mission.
My daily life reflects my values.

I see myself making a difference.
Not perfectly.
Not without challenge.
But meaningfully.
Lives touched by my presence.
Impact rippling out from my actions.

I see myself fulfilled.
Not because everything is easy.
But because I am doing what I was made to do.
There is a peace that comes from alignment that nothing else can give.

I declare clarity over my path.
I do not need to see the whole staircase.
I only need to see the next step.
And I trust that step will be shown.

I declare courage over my calling.
Purpose requires bravery.
It asks me to risk rejection...
to try things that might fail...
to be seen in my truest expression.
I am brave enough for this.

I declare persistence over my vision.
Purpose is not a sprint.
It is a lifetime.
I will not give up when it gets hard.
I will not abandon my calling when the results are slow.
I am in this for the long journey.

Yeshua said...
Let your light shine before others...
that they may see your good works...
and glorify your Father in heaven.

I have a light.
And I will not hide it under a basket.
I will let it shine.

I was not given this life to play small.
I was given this life to express something unique...
something that has never existed before...
something that will never exist again.

I am clear.
I am called.
I am ready.

My purpose is unfolding.
My vision is crystallizing.
My contribution is beginning.

And so it is.
",Motivation & Productivity,Phase 2 (Values & Vision),,,
031,Purpose & Vision,Meditation,Short,3–5,Script-Rendered,"Visualization of purpose seed in heart, nurturing its growth",The_Seed_of_Purpose,"THE SEED OF PURPOSE - Short Meditation (4-5 minutes)
Theme: Purpose & Vision
Type: Guided Visualization (user listens, eyes closed)
Music Cue: Hopeful, grounding, quietly powerful - sense of potential awakening

===============================================================================

Find a comfortable position...
Let your body settle into stillness...
Allow your eyes to gently close...

Take one slow...
deep breath in...
Feel your lungs expand fully...
your chest rising...
your belly lifting...

Hold it for just a moment...
And release through your mouth...
letting everything soften...

Take another breath...
Breathing in clarity...
Breathing out confusion...

And one more...
Breathing in purpose...
Breathing out doubt...

Let your breath return to its natural rhythm...
Easy...
unhurried...
peaceful...

Allow a wave of relaxation to move through your body...
From the top of your head...
softening your scalp...
your forehead...
the muscles around your eyes...

Let it flow down through your face...
your jaw releasing...
your neck softening...
your shoulders dropping away from your ears...

Feel it move through your chest...
your arms growing heavy...
your hands resting open...

Through your belly...
your hips...
your legs...
all the way to your feet...

Your entire body is relaxed now...
supported...
at peace...

Now...
bring your attention to the center of your chest...
Just behind your heart...
there is a sacred space...
A garden that exists within you...

In your mind's eye...
step into this inner garden...

The soil here is rich and dark...
Ready for planting...
Ready for growing...
This is the soil of your soul...
where everything meaningful takes root...

And there...
resting in the palm of your hand...
is a seed...

This is not an ordinary seed...
This is the seed of your purpose...
It has been with you since before you were born...
Waiting for the right moment...
Waiting for your attention...
Waiting for your care...

Look at this seed closely...
It is small...
but within it is contained everything you are meant to become...
Every gift you are meant to share...
Every life you are meant to touch...
Every contribution you are meant to make...

The seed already knows what it will become...
Just as an acorn knows it will become an oak...
Your purpose is encoded within you...
It is not something you must invent...
It is something you must allow...

Now...
kneel down in this sacred garden...
Feel the warm soil beneath your knees...
With your fingers...
create a small opening in the earth...

Place the seed of your purpose gently into the ground...
Press the soil around it with love...
with intention...
with faith...

This seed needs certain things to grow...

It needs the water of your attention...
So pour your focus here...
not on distractions...
but on what matters most...

It needs the sunlight of your belief...
So let yourself trust...
Trust that you have a purpose...
Trust that it is unfolding...
Trust that you are exactly where you need to be...

It needs the nutrients of your action...
Small steps taken consistently...
Movement in the direction of your calling...
Even when you cannot see the destination...

Place your hands on the soil now...
Send warmth from your palms into the earth...
Feel the seed responding...
Feel it beginning to stir...
to crack open...
to reach toward the light...

You may not see the full flower yet...
But know this...
Growth is happening...
Even in the darkness underground...
Roots are forming...
Foundation is being built...

Your purpose is awakening...
It has always been within you...
And now...
with your attention...
your belief...
your action...
It will bloom...

Take a deep breath...
Feel the connection between you and this seed...
You are the gardener of your own becoming...

Begin to bring your awareness back to your body...
Feel the surface beneath you...
Hear any sounds around you...

Wiggle your fingers...
your toes...

When you are ready...
gently open your eyes...
Carrying the seed with you...
Knowing it is growing...
Knowing your purpose is unfolding...
One day at a time...
One breath at a time...

Namaste.
And so it is.

",Motivation & Productivity,Phase 2 (Values & Vision),,,
032,Purpose & Vision,Meditation,Medium,12–13,Script-Longer-PAUSE,"Journey to Hall of Vision, opening Book of Purpose, meeting Higher Self",The_Hall_of_Vision,"THE HALL OF VISION - Medium Meditation (12-13 minutes)
Theme: Purpose & Vision
Type: Guided Visualization (user listens, eyes closed)
Music Cue: Majestic, revelatory, building wonder - journey into sacred space where destiny is revealed

===============================================================================

Welcome...

This is a sacred journey...
A journey to discover what you already know...
but may have forgotten...
A journey to the place where your purpose waits...
ready to be remembered...

Find a position where your body can be completely at rest...
Seated or lying down...
Let yourself be fully supported...
There is nothing to hold onto...
Nothing to figure out...
Just allow yourself to receive...

Let your eyes close...
And take a slow...
nourishing breath in through your nose...
Feel your chest expand...
your ribs opening wide...
your belly rising...

Hold this breath for a moment...
feeling the fullness of life within you...

And release slowly through your mouth...
letting everything soften...
letting the world fade away...

Take another breath...
Breathing in clarity...
Breathing out fog...

And one more...
Breathing in vision...
Breathing out blindness...

Let your breath return to its natural rhythm now...
No need to control anything...
Just easy...
effortless...
breathing itself...

Allow your body to relax completely...
Starting at the very top of your head...
Feel your scalp softening...
as if warm honey were slowly pouring down...

Let this warmth flow into your forehead...
smoothing away any furrows of worry...
any lines of confusion...

Feel the tiny muscles around your eyes release...
Your eyelids heavy and peaceful...
Your eyebrows smooth...

Let the relaxation flow into your cheeks...
your jaw unclenching...
your lips parting slightly...
Your tongue resting soft in your mouth...

Feel your neck releasing...
Each vertebra letting go...
Your throat open and relaxed...

Your shoulders now...
Let them drop completely...
Feel years of tension sliding away...

The relaxation flows down through your arms...
Your upper arms growing heavy...
Your elbows...
Your forearms...
Your wrists...
Your hands becoming soft and open...
Your fingers completely relaxed...

Feel your chest softening...
Your heart space opening...
Your belly growing soft...
Rising and falling with each gentle breath...

Your lower back releases into the support beneath you...
Your hips let go...
Your thighs become heavy...
Your knees...
Your calves...
Your ankles...
Your feet...
All the way to your toes...

Your entire body is now deeply...
profoundly relaxed...

In this state of deep rest...
you are ready to journey to a sacred place...
A place that exists beyond time...
beyond space...
A place created just for you...
before you were even born...

In your mind's eye...
you find yourself standing at the base of a great mountain...
The air is crisp and clear...
The sky above is a perfect deep blue...
touched with wisps of golden cloud...

A path winds upward before you...
Made of ancient stone...
worn smooth by countless seekers who have walked this way before...

Begin to climb...
With each step...
you feel lighter...
As if the weight of ordinary life is falling away...
Your questions...
your doubts...
your confusion...
All left behind at the base of the mountain...

The path winds higher...
through mist that parts as you approach...
through forests of ancient trees that bow as you pass...
recognizing you...
welcoming you...

Finally...
you reach the summit...
And there before you stands a magnificent building...

This is the Hall of Vision...
A temple of white marble and crystal...
Its columns reach toward the heavens...
Its dome glows with inner light...
Sacred geometry carved into every surface...
The architecture of destiny made visible...

Approach the great doors...
They are carved with symbols...
some you recognize...
some you do not yet understand...
but all of them feel familiar...
All of them feel like they were made for you...

Place your hands on the doors...
Feel their warmth...
Feel how they recognize your touch...
And push them open...

Step inside...

The Hall of Vision is more magnificent than you could have imagined...
Light streams in from windows you cannot see...
Illuminating everything with golden radiance...
The ceiling stretches upward into infinity...
The floor beneath your feet is smooth as glass...
yet warm...
welcoming...

In the center of the hall stands a pedestal...
And upon that pedestal rests a book...
This is no ordinary book...
This is the Book of Your Purpose...
Written before time began...
Waiting for this moment...
Waiting for you to read it...

Walk slowly toward the pedestal...
With each step...
feel your heart opening...
Feel your readiness growing...

Stand before the book now...
It is bound in a material you have never seen...
It seems to shimmer with all colors at once...
Your name is written on the cover...
In letters that glow with inner fire...

Place your hands on the book...
Feel its energy pulsing beneath your palms...
It has been waiting so long for you...

Open the cover...

The first page shows you as a child...
See yourself young and full of wonder...
What did you love to do...
What made your heart sing...
What came naturally to you...
before anyone told you what you should be...
These were the first whispers of your purpose...
Notice them...
Remember them...

Turn the page...

Here you see the challenges you have faced...
The struggles that shaped you...
The pain that refined you...
None of it was wasted...
Every difficulty was training...
Every wound was initiation...
preparing you for what you are meant to do...
See the purpose in your pain...

Turn the page again...

Now you see images of your gifts...
The abilities that are uniquely yours...
Some you have developed...
Some still lie dormant...
waiting to be awakened...
See them clearly...
These are the tools you were given for your mission...

Turn the page once more...

Here you see your future self...
The version of you that is fully aligned with purpose...
See where you are...
what you are doing...
who is around you...
what impact you are making...

This is not fantasy...
This is destiny...
Not fixed in every detail...
But true in its essence...
This is who you are becoming...
This is what you are here to do...

Let this vision fill you...
Let it inspire you...
Let it call you forward...

Take a deep breath...
And close the book...
Knowing you can return here whenever you need guidance...
Knowing the vision is now inside you...

As you step back from the pedestal...
you notice something else in the hall...
A figure standing in the light...
Waiting for you...

Move toward this presence...
As you approach...
you recognize them...
This is your Higher Self...
The version of you that exists beyond time...
The you that has already become everything you are meant to be...

Stand before this radiant being...
Feel the love emanating from them...
They have been watching over you your entire life...
Guiding you...
Encouraging you...
Even when you did not know they were there...

Your Higher Self has a message for you...
Listen now...
in the silence of your heart...
What do they want you to know...
What guidance do they offer...
What is the next step on your path...

Receive whatever comes...
Words...
images...
feelings...
Trust what you receive...

Your Higher Self reaches out now...
And places their hand on your heart...
Feel the transfer of energy...
The activation of your purpose...
The remembering of your mission...

You are ready now...
You have always been ready...
The time is now...
Not someday...
Now...

Thank your Higher Self...
Knowing you will meet again...
Knowing they are always with you...

Turn now and walk back toward the great doors...
Carrying the vision with you...
Carrying the clarity with you...
Carrying the activation with you...

Step through the doors...
Back onto the mountain summit...
Feel the fresh air on your face...

Begin your descent...
But you are not the same person who climbed this mountain...
You have seen your purpose...
You have received your vision...
You know why you are here...

The path brings you down...
Through the ancient forests...
Through the parting mist...
All the way to the base of the mountain...

And now...
begin to return to your body...
to this room...
to this moment...

Feel the surface beneath you...
Feel the air around you...
Hear any sounds in the room...

Take a deep breath...
feeling life filling your body...

Wiggle your fingers...
your toes...
Roll your shoulders gently...
Turn your head from side to side...

When you are ready...
at your own pace...
gently open your eyes...

You have visited the Hall of Vision...
You have seen your purpose...
You carry the Book within you now...
And the next step is clear...

Trust what you received...
Act on what you know...
Your purpose is awakening...
Your destiny is unfolding...
You are exactly where you need to be...

Namaste.
And so it is.
",Motivation & Productivity,Phase 2 (Values & Vision),,,
033,Relationships & Love,Prayer,Short,3–5,SKIP,"Declaration of being love, releasing incomplete patterns",I_Am_Love,"I AM LOVE - Short Prayer (3-4 minutes)
Theme: Relationships & Love
Type: Spoken Declaration (user speaks aloud)
Music Cue: Warm, heart-opening, tender - sense of connection and wholeness

===============================================================================

I stand in the truth of love.

Before I speak another word...
I place my hand on my heart...
I feel its steady beat...
I honor the courage it takes to love...

I am love.

Not love that I must chase.
Not love that I must earn.
Not love that depends on another person.
Love that I already am.
Love that I was created from.
Love that flows through me when I allow it.

I was formed in love.
I am sustained by love.
And I radiate love.
This is my nature.
This is my truth.
This is who I am beneath every mask I have ever worn.

I release the belief that I am incomplete without another.
I am already whole.
I am already enough.
I do not need someone to complete me.
I need someone to celebrate with me.
Two whole beings choosing each other.
Not two halves desperately seeking.

When I accept myself fully...
I free others to be themselves around me.
When I love myself without condition...
I invite others to love me without fear.
When I am at peace with who I am...
I create space for peaceful relationships.

I attract what I am...
not just what I want.
So I become love...
and love finds me.
I become peace...
and peaceful people appear.
I become joy...
and joyful connections unfold.

I release the patterns of the past.
The relationships that wounded me do not define my future.
The heartbreaks that shaped me do not predict what is coming.
I am not destined to repeat old cycles.
I am free to create new ones.
Every day is a new beginning.
Every moment is a fresh start.

I open my heart.
It has been guarded for too long.
Protected by walls that kept out pain...
but also kept out connection.
Shielded by armor that blocked hurt...
but also blocked intimacy.

Today...
I choose to soften.
Not because the world is safe.
But because my heart is strong enough to feel.
Not because I will never be hurt again.
But because I trust myself to heal if I am.

I am worthy of deep love.
I am worthy of trust and respect.
I am worthy of partnership that honors my soul.
I am worthy of being seen...
truly seen...
and loved for exactly who I am.

I do not settle for less than I deserve.
I do not shrink to make others comfortable.
I do not abandon myself to keep someone else.
I do not betray my truth to avoid being alone.

Love that requires me to be less than I am...
is not love.
Love that asks me to hide parts of myself...
is not love.
Love that feels like prison...
is not love.

I call in relationships that expand me.
Connections that see me.
Partnerships that celebrate who I truly am.
Love that feels like freedom.
Love that feels like home.

I am love.
I give love freely.
I receive love openly.
And love is returning to me now.
In expected ways and unexpected ways.
Through people I know and people I have yet to meet.
Love is flowing toward me...
because I am love.

Namaste.
And so it is.
",Love & Relationship,Phase 5 + Life Areas,,,
034,Relationships & Love,Prayer,Medium,12–13,SKIP,Comprehensive prayer for self-love and calling in sacred partnership,Calling_in_Sacred_Connection,"CALLING IN SACRED CONNECTION - Medium Prayer (12-13 minutes)
Theme: Relationships & Love
Type: Spoken Declaration (user speaks aloud)
Music Cue: Heart-opening, warm, building tenderness - journey from self-love to inviting connection

===============================================================================

Before I speak...
I place my hand on my heart.

This heart has loved.
This heart has lost.
This heart has been broken...
and it is still beating.

I honor its courage.
I honor its resilience.
I honor its willingness to stay open.

Today...
I speak love into my life.

I begin with myself.

I love myself.
Not the future version of me who has it all together.
Not the idealized version who never makes mistakes.
This version.
Right here.
Right now.
With all my imperfections.

I am worthy of my own love.
I am worthy of my own compassion.
I am worthy of my own kindness.

For too long I have been harder on myself than anyone else.
I have criticized my body.
I have doubted my worth.
I have spoken to myself in ways I would never speak to someone I love.

That ends now.

I speak to myself with love.
I treat myself with gentleness.
I extend to myself the same grace I offer others.

This is not selfish.
This is necessary.
I cannot pour from an empty cup.
I cannot give what I do not have.
The love I cultivate within sets the tone for the love I receive.

I release the old patterns.

I release the belief that I am hard to love.
I release the fear that I will be abandoned.
I release the pattern of choosing unavailable people.
I release the need to fix or save another.
I release the habit of losing myself in relationships.

These patterns served a purpose once.
They were survival strategies.
But I am no longer just surviving.
I am ready to thrive.

I forgive myself for the relationships where I stayed too long.
I forgive myself for the times I abandoned my own needs.
I forgive myself for the moments I settled for less than I deserved.
I was doing the best I could with what I knew.

Now I know better.
And I choose better.

I declare what I desire in relationship.

I desire a partner who sees me fully.
Not just my highlight reel...
but my shadows too.
And loves me anyway.

I desire a connection built on trust.
Where I can be vulnerable without fear.
Where my heart is held with care.
Where honesty is the foundation.

I desire a partnership of equals.
Two whole people choosing each other.
Not from need...
but from desire.
Not to complete each other...
but to celebrate together.

I desire love that expands me.
That challenges me to grow.
That supports my dreams.
That makes me a better version of myself.

I desire intimacy that goes beyond the physical.
Connection of minds.
Meeting of souls.
Resonance of spirits.

I do not ask for perfection.
I ask for presence.
I ask for effort.
I ask for someone willing to do the work.

I speak now to the one who is coming.

Wherever you are...
I am preparing for you.
I am healing the parts of me that would push you away.
I am becoming the partner I wish to attract.

I am not waiting for you to complete me.
I am becoming whole on my own.
So that when we meet...
it is two complete beings coming together.
Not two halves desperately seeking.

Take your time.
I trust the timing.
I trust that you are being prepared too.
I trust that our paths will cross at exactly the right moment.

Until then...
I practice love.
I love my friends deeply.
I love my family fully.
I love strangers with kindness.
I love myself completely.

Because love is not something I do.
Love is something I am.

Yeshua gave us the greatest commandment...
Love one another as I have loved you.

So I love.
Without condition.
Without limit.
Without holding back.

And in loving...
I become magnetic to love.
What I give...
returns to me multiplied.

I am love.
I am loved.
I am loving.

My heart is open.
My arms are ready.
My soul is calling in its match.

And so it is.
",Love & Relationship,Phase 5 + Life Areas,,,
035,Relationships & Love,Meditation,Short,3–5,Script-Rendered,"Visualization of heart as rose blooming, opening to love",Opening_the_Heart,"OPENING THE HEART - Short Meditation (4-5 minutes)
Theme: Relationships & Love
Type: Guided Visualization (user listens, eyes closed)
Music Cue: Tender, warm, gentle - like being held in a loving embrace

===============================================================================

Find a comfortable position...
Allow your body to settle into wherever you are resting...
Let your eyes close...

Take one slow...
deep breath in through your nose...
filling your lungs completely...
Hold it for just a moment...
And release through your mouth with a soft sigh...
letting your shoulders drop...
letting your jaw soften...

Take another breath...
This time even slower...
even deeper...
Breathing in peace...
And breathing out tension...

And one more...
Breathing in love...
Breathing out anything that is not love...

Let your breath return to its natural rhythm now...
Easy...
gentle...
effortless...

Allow a wave of relaxation to move through your body...
Starting at the crown of your head...
softening your scalp...
your forehead...
the tiny muscles around your eyes...
Let your cheeks relax...
your jaw releasing...
your lips slightly parted...

Feel this wave of softness move down through your neck...
your shoulders melting away from your ears...
your arms growing heavy...
your hands resting open and relaxed...

Let the wave continue down through your chest...
your belly growing soft...
your hips releasing...
your legs becoming heavy...
all the way down to your feet...
to your toes...

Your entire body is now relaxed...
supported...
at peace...

Now...
bring your attention to your heart...
That tender space in the center of your chest...
Not the physical muscle...
but the energetic heart...
The place where love lives...

Place your hand there gently if you wish...
Feel the warmth of your palm against your chest...
Feel the steady rhythm of your heartbeat beneath it...

This heart has experienced so much...
It has loved deeply...
It has lost painfully...
It has built walls for protection...
And those walls served you well...
But now...
you are ready for something different...

Notice if there is any tightness around your heart...
Any armor...
Any guarding...
There is no judgment here...
Only awareness...
Only compassion for yourself...

With your next breath...
send warmth directly to your heart...
Like the first rays of morning sun touching a flower...

Feel your heart begin to soften...
Just slightly at first...
The walls do not need to crumble all at once...
They simply need to become a little more permeable...
A little more willing to let love flow in...
And let love flow out...

In your mind's eye...
see your heart as a rose...
A beautiful rose that has been tightly closed...
Protecting its tender center from the world...

Now...
with each breath you take...
watch one petal begin to unfold...
Slowly...
gently...
revealing a glimpse of the beauty within...

Breathe...
and another petal opens...
The rose is remembering what it feels like to bloom...

Breathe...
and more petals unfurl...
Layer by layer...
the heart is opening...
the rose is blossoming...

Feel the warmth spreading through your chest now...
A soft glow of pink and golden light...
This is love...
Not romantic love alone...
But the love that connects all things...
The love that you are made of...
The love that created galaxies and flowers and you...

From this open heart...
let a wave of love flow outward...
First to yourself...
Loving yourself exactly as you are...

Then to those closest to you...
Family...
friends...
loved ones...

Then expanding further...
To your community...
To strangers...
To the world...

Love given always returns multiplied...
The heart that stays open receives more than the heart that guards itself...

Take a deep breath now...
and feel your heart glowing with this warm light...
This is your natural state...
Open...
Loving...
Connected...
Courageous enough to feel...

Begin to bring your awareness back to the room...
feeling the surface beneath you...
hearing any sounds around you...

Wiggle your fingers gently...
your toes...

When you are ready...
slowly open your eyes...
keeping your hand on your heart for one more breath...

Your heart is open...
You are ready to give love...
You are ready to receive love...
You are love itself...

Carry this openness with you...
It is your gift to the world...

Namaste.
And so it is.",Love & Relationship,Phase 5 + Life Areas,,,
036,Relationships & Love,Meditation,Medium,12–13,LIVE,"Journey into heart temple, healing walls, planting seed of desired love",The_Temple_of_the_Heart,"THE TEMPLE OF THE HEART - Medium Meditation (12-13 minutes)
Theme: Relationships & Love
Type: Guided Visualization (user listens, eyes closed)
Music Cue: Deep, heart-centered, transformative - journey into the sacred space of love within

===============================================================================

Welcome...

Find a position where your body can be completely supported...
Whether seated or lying down...
let yourself settle fully into this moment...

There is nowhere else you need to be...
Nothing else you need to do...
This time is yours...
Sacred time for your heart...

Let your eyes close...
And take a slow...
nourishing breath in through your nose...
Feel your chest expand...
your ribs opening...
your belly rising...

Hold this breath for just a moment...
feeling the fullness...

And release slowly through your mouth...
letting everything soften...
letting everything go...

Take another deep breath...
Breathing in calm...
Breathing out tension...

And one more...
Breathing in love...
Breathing out fear...

Let your breath return to its own natural rhythm now...
There is nothing to control...
nothing to manage...
Just easy...
effortless breathing...

Allow your body to relax completely...
Starting at the top of your head...
Feel your scalp softening...
Any tightness in your forehead melting away...
Your eyebrows smooth...
The delicate muscles around your eyes releasing...

Let this softness flow down into your face...
Your cheeks relaxing...
Your jaw unclenching...
Perhaps your lips part slightly...
Your tongue resting gently in your mouth...

Feel the relaxation moving down your neck...
Each vertebra releasing...
Your throat open and soft...

Your shoulders now...
Those places where you carry so much...
Let them drop away from your ears...
Feel the weight of responsibility sliding off...
rolling away...

Let the relaxation flow down through your arms...
Your upper arms growing heavy...
Your elbows...
Your forearms...
Your wrists...
Your hands becoming soft and open...
All the way to your fingertips...

Feel your chest softening now...
That protective bracing around your heart...
beginning to ease...
Your belly growing soft...
Rising and falling with each gentle breath...

The relaxation continues through your hips...
your lower back releasing into the support beneath you...
Your thighs heavy...
Your knees...
Your calves...
Your ankles...
Your feet...
All the way to your toes...

Your entire body is now deeply relaxed...
Completely supported...
Utterly at peace...

In this state of deep relaxation...
you are about to journey into the most sacred space within you...
The temple of your heart...
Where love resides...
Where your capacity for connection is infinite...
Where healing happens...

In your mind's eye...
you find yourself standing in a beautiful meadow...
The grass is soft beneath your feet...
Wildflowers sway gently in a warm breeze...
The sky above is a perfect blue...
touched with wisps of golden clouds...

Before you stands a magnificent doorway...
It rises from the meadow like a portal to another realm...
The frame is carved with roses...
vines...
and symbols of love from every tradition...
Soft pink and golden light emanates from within...

This is the entrance to your heart...
Your sacred temple...

You may not have visited in a very long time...
Life has been busy...
Pain has made you cautious...
But today...
you are ready to return...
You are ready to come home to yourself...

Place your hand on the door...
Feel its warmth beneath your palm...
Feel how it seems to recognize you...
welcomes you...

Gently push the door open...
And step inside...

The temple of your heart is more beautiful than you remembered...
The ceiling rises high above you...
reaching toward infinity...
Soft light filters through windows of rose quartz and amethyst...
casting gentle rainbows across the floor...
The air is warm and smells of roses...
of jasmine...
of something ancient and sacred...

As you look around...
you notice things that need your attention...

Perhaps there are cobwebs in some corners...
areas of your heart you have neglected...
Perhaps there are walls that were built for protection...
stone barriers that once kept out pain...
but now feel more like prison than sanctuary...

Perhaps there are old wounds here...
still tender...
stored in the shadowy places...
waiting to be acknowledged...
waiting to be healed...

This is okay...
You are not here to judge yourself...
You are not here to feel shame...
You are here to love...
You are here to tend to your sacred space...

Walk slowly toward the center of the temple...
At the very heart of this space...
a sacred flame burns...
It rests upon an altar of white marble...
This is the eternal flame of love...

It has never gone out...
Even when you thought your heart was closed...
Even when you believed you could never love again...
This flame has been here...
burning steadily...
waiting for you to return...

Approach the flame now...
Sit before it on a soft cushion that appears for you...
Feel its warmth on your face...
its golden light in your eyes...

This flame knows everything about you...
Every love you have ever given...
Every heartbreak you have survived...
Every wall you have built...
Every time you risked opening and were hurt...
Every time you risked opening and found joy...
It knows all of it...
And it loves you completely...

Speak to the flame now...
in the silence of your heart...

Tell it what you are afraid of...
Perhaps you fear being hurt again...
Perhaps you fear you are too broken to love...
Perhaps you fear you will always be alone...
Speak these fears...
The flame can hold them...

Tell it what you long for...
The connection your soul craves...
The partnership your heart desires...
The love you have been afraid to believe is possible for you...
Speak these longings...
The flame understands...

Tell it what you need to release...
Old relationships that still bind you...
Past hurts you have been carrying...
Beliefs about yourself that keep love at bay...
Speak what is ready to go...
The flame can transform it...

The flame responds now...
not with words...
but with warmth...
You feel waves of love washing over you...
Unconditional acceptance...
Complete understanding...

Now...
the flame begins to grow brighter...
Its light expands outward...
touching the walls of your heart temple...

Watch as the barriers you have built begin to soften...
Not crumbling violently...
but gently dissolving...
Like ice melting in spring sunshine...

Each wall served you once...
Each one was built for a reason...
To survive...
To protect...
To keep functioning when your heart was too tender...

Thank them now...
Thank these walls for their protection...
And let them know they can rest...
You are strong enough now to love without armor...
Your heart is resilient enough to risk...
You have survived everything that has ever happened to you...
And you will survive whatever comes next...

As the walls dissolve...
feel your chest expanding...
More spacious...
more open...
more free...
You can breathe more deeply here...
You can feel more fully...
This is what an open heart feels like...
Not naive...
Not unprotected...
But courageously soft...
Wisely vulnerable...
Strong enough to stay open even when it is scary...

Now...
in this open space of your heart...
you notice rich soil...
fertile ground waiting for something new...

In your hand...
a seed appears...
This is the seed of the love you are calling into your life...

Hold it gently...
See it clearly...
This seed contains everything you desire in love...
The quality of connection...
The feeling you want to feel...
The kind of partnership that honors your soul...

Plant this seed now in the soil of your open heart...
Press it gently into the earth...
Water it with your attention...
with your faith...
with your belief that you deserve love...

It will grow...
In its own perfect timing...
In its own unique way...
Trust the process...
Trust yourself...
Trust love...

Before you leave the temple...
look around one more time...
See how different it feels now...
More light...
More space...
The walls are down...
The flame burns brighter...
The seed is planted...

This is your heart...
This is your home...
You can return here anytime...
With a single breath...
With a single intention...
The temple is always here...
The flame is always burning...
You are always welcome...

Walk slowly back toward the doorway...
Carrying this openness with you...
Carrying this hope with you...
Knowing you are changed...
Knowing you are ready...

Step through the door...
back into the meadow...
Feel the soft grass beneath your feet...
the warm sun on your face...

And now...
begin to feel yourself returning to your body...
to this room...
to this moment in time...

The temple remains within you...
The flame still burns...
The seed is growing...
Love is already on its way...

Take a slow deep breath...
feeling your body fully...
feeling the surface beneath you...

Wiggle your fingers gently...
Wiggle your toes...

Roll your shoulders softly...
Turn your head from side to side...

Place your hand on your heart one more time...
Feel its warmth...
its openness...
its courage...

When you are ready...
at your own pace...
gently open your eyes...
Returning to the room...
but bringing the temple with you...

Your heart is open...
You are ready for love...
Love is ready for you...
It has already begun its journey toward you...

Trust this...
Live from this open heart...
And watch what unfolds...

Namaste.
And so it is.
",Love & Relationship,Phase 5 + Life Areas,,,
037,Spiritual Connection,Prayer,Short,3–5,Script-Longer-PAUSE,"Declaration of Kingdom within, turning inward to sacred presence",The_Kingdom_Is_Within_Me,"THE KINGDOM IS WITHIN ME - Short Prayer (3-4 minutes)
Theme: Spiritual Connection
Type: Spoken Declaration (user speaks aloud)
Music Cue: Sacred, reverent, expansive - sense of divine presence and deep connection

===============================================================================

I stand in the truth of my spiritual nature.

Before I speak...
I take a breath...
and I remember what I am.

I am not just a body.
I am not just a mind.
I am not just my thoughts or my emotions.
I am a soul having a human experience.
I am spirit clothed in flesh.
I am the infinite temporarily wearing the finite.

The Kingdom of God is within me.
Not in a building made of stone.
Not in a ritual performed on certain days.
Not in a distant heaven I must earn my way into.
Within me.
Right here.
Right now.
Already present.
Already complete.

Yeshua spoke these words...
The Kingdom of God cometh not with observation.
Neither shall they say lo here or lo there.
For behold...
the Kingdom of God is within you.

I have been searching outside for what has always been inside.
Running to experiences hoping to feel connected.
Chasing teachers who might show me the way.
Looking everywhere except where the treasure was hidden.

But today I turn inward.
Today I remember the truth.

I turn toward the sacred space within me.
The sanctuary that needs no building.
The temple that needs no walls.
The holy ground that is my own heart.

Here...
the Divine dwells.
Here...
all wisdom resides.
Here...
I am never alone.
Here...
I am always held.
Here...
I am always loved.

I am connected.
Not because I have done the right things.
Not because I have believed the right beliefs.
Not because I have earned this connection through effort.
I am connected because connection is my nature.
I am connected because I am made of the Divine.
I am connected because separation was always an illusion.

The same presence that spins galaxies...
lives within me.
The same intelligence that grows forests...
guides my steps.
The same love that created everything...
flows through my veins.

I do not need to earn this connection.
I do not need to be worthy of this presence.
I was born with it.
It is my birthright.
It is the truth of what I am.

I breathe in...
and I receive divine presence.
I breathe out...
and I release the illusion of separation.

There is no distance between me and the Sacred.
There never was.
Only forgetting.
Only distraction.
Only the noise of the world drowning out the whisper within.

But I hear it now.
I feel it now.
I know it now.

I am spiritual by nature.
I am connected at my core.
I am held in every moment.
I am never...
ever...
alone.

The Kingdom is within me.
The power is within me.
The peace is within me.
The love is within me.
Everything I have ever sought is within me.

I rest in this truth.
I live from this knowing.
I walk through this world remembering who I am.

The Kingdom is within me.
Namaste.
And so it is.
",Spiritual Growth,Throughout + Phase 9,,,
038,Spiritual Connection,Prayer,Medium,12–13,LIVE,Comprehensive prayer for deep spiritual connection and union,Communion_with_the_Divine,"COMMUNION WITH THE DIVINE - Medium Prayer (12-13 minutes)
Theme: Spiritual Connection
Type: Spoken Declaration (user speaks aloud)
Music Cue: Sacred, reverent, building to transcendence - journey from seeking to union

===============================================================================

Before I speak...
I quiet myself.
I let the noise of this world fade...
Not because this world is evil...
But because there is another realm calling me home.
In this stillness...
I remember something the world has tried to make me forget.
I am not becoming spiritual...
I already am spirit.
I am not trying to connect with the Divine...
Part of me is already there.
Yeshua spoke a mystery to His disciples...
A truth that changes everything once you understand it.
He said... You are not of this world... just as I am not of this world.
Not... you will someday leave this world.
Not... you must earn your way out of this world.
You are not of this world... right now... in this moment... as I speak these words.
This is what the ancient writings teach...
And this is what I am remembering today.

[THE TWO-REALM TRUTH - 3 minutes]
Yeshua revealed a mystery to those with ears to hear.
In the writings of John... chapter seventeen... He prayed to the Father...
I have given them Your word... and the world has hated them...
Because they are not of the world... just as I am not of the world.
I do not pray that You take them out of the world...
But that You keep them from the evil one.
They are not of the world... just as I am not of the world.
Three times He said it.
Not of this world.
Not of this world.
Just as I am not of this world.
This is not poetry...
This is dimensional vocabulary.
This is Yeshua describing your true origin...
Your true citizenship...
Your true home.
And then He said something even more profound...
In John chapter eight...
You are from beneath... I am from above.
You are of this world... I am not of this world.
From above...
The original language is anōthen...
It means originating from a higher realm.
Not metaphor...
Not symbolism...
But actual dimensional positioning.
You are from above...
Born not of blood... nor of the will of the flesh...
But born of the Spirit.
And that which is born of the Spirit... is spirit.

[THE THRONE ROOM REALITY - 3 minutes]
Now hear this truth and let it settle deep into your being...
The writings of Paul... in his letter to the Ephesians... chapter two... verse six...
YHWH has raised us up together...
And made us sit together in heavenly places... in Messiah Yeshua.
Read those words again in your spirit...
Made us sit...
Past tense.
Already accomplished.
Not will seat us someday...
Made us sit.
Part of you is already there.
Right now.
In this very moment.
Your spirit is seated in the throne room with YHWH...
While your body walks this earth.
You are a dimensional being...
Existing in two realms simultaneously.
This is not something you must achieve...
It is something that has already been done.
The writings say in Colossians chapter three...
If you then be risen with Messiah...
Seek those things which are above...
Where Messiah sits at the right hand of YHWH.
Set your affection on things above... not on things on the earth.
For you are dead... and your life is hid with YHWH in Messiah.
Your life is hid...
Hidden in heavenly places...
Tucked away in the throne room...
Safe... secure... eternally positioned.
This body you are wearing is temporary...
But your spirit... your true self...
Is already communing with the Divine.

[THE MIND OF MESSIAH - 2 minutes]
There is more...
The writings declare... We have the mind of Messiah.
Not we will have someday...
We have.
Present tense.
Right now.
The same consciousness that spoke galaxies into existence...
The same wisdom that holds all things together...
The same knowing that transcends time and space...
You have access to it.
Because you are in Him... and He is in you.
As He is... so are you... in this world.
Read that again...
As He is... so are you... in this world.
Not as He was...
As He IS.
Right now.
Seated at the right hand of the Father.
Clothed in glory.
Radiating light.
Operating in complete authority.
As He is... so are you.
This is your inheritance.
This is your reality.
This is who you already are.

[THE KINGDOM WITHIN - 2 minutes]
Yeshua told the religious leaders...
The Kingdom of YHWH does not come with observation.
Neither shall they say... Lo here... or lo there...
For behold... the Kingdom of YHWH is within you.
Within.
Not above in some distant heaven you cannot reach...
Not in temples made with human hands...
Not in rituals or ceremonies alone...
Within.
The writings say you have been translated...
Out of the kingdom of darkness...
Into the Kingdom of His dear Son.
Translated...
Like crossing a border...
Like moving from one country to another...
Your citizenship has changed.
Philippians chapter three declares...
Our citizenship is in heaven.
Not will be someday...
Is.
Right now.
You are a citizen of another realm...
Walking as an ambassador in this one.

[THE FLESH AND THE SPIRIT - 1.5 minutes]
Yeshua said...
It is the Spirit who gives life...
The flesh profits nothing.
The words that I speak to you... are spirit... and they are life.
The flesh profits nothing...
This body... this temporary vessel...
It is not the source of your identity.
You are spirit...
Wearing flesh for a season...
But your essence... your true self...
Is eternal... is from above... is seated in heavenly places.
The ancient writings are clear...
That which is born of flesh is flesh...
And that which is born of Spirit is spirit.
You have been born again...
Born from above...
Born of the Spirit...
And that new creation is spirit.

[INTEGRATION AND DECLARATION - 2 minutes]
So I speak now from this understanding...
I am not trying to reach YHWH...
Part of me is already with Him.
I am not striving to enter the throne room...
My spirit is already seated there.
I am not working to earn connection...
I am awakening to connection that already exists.
I have the mind of Messiah.
I have access to infinite wisdom.
I am seated in heavenly places.
I am hidden with YHWH in Messiah.
I am not of this world.
I am from above.
My citizenship is in heaven.
The Kingdom is within me.
As He is... so am I... in this world.
This changes how I walk...
This changes how I speak...
This changes how I see every circumstance.
I am no longer begging from a distance...
I am communing from nearness.
I am no longer hoping for someday...
I am operating from already.
The veil has been torn.
Access has been granted.
Union is not future...
It is now.

[CLOSING - 30 seconds]
I carry this truth with me as I return to the activities of this day.
My body walks the earth...
My spirit sits with YHWH.
I am dimensional.
I am connected.
I am one with the Divine.
This is not what I am becoming...
This is what I already am.
And so it is.
",Spiritual Growth,Throughout + Phase 9,,,
039,Spiritual Connection,Meditation,Short,3–5,LIVE,"Entering inner sanctuary, sitting with divine presence",The_Kingdom_Within,"THE KINGDOM WITHIN - Short Meditation (4-5 minutes)
Theme: Spiritual Connection
Type: Guided Visualization (user listens, eyes closed)
Music Cue: Sacred, still, intimate - sense of coming home to something eternal

===============================================================================

Find a comfortable position...
Allow your body to settle completely...
Let your eyes gently close...

Take one slow...
deep breath in...
Feel your lungs fill completely...
your chest expanding...
your belly rising...

Hold it for just a moment...
And release...
letting everything soften...
letting the world fall away...

Take another breath...
slower this time...
deeper...
Breathing in stillness...
Breathing out distraction...

And one more...
Breathing in the sacred...
Breathing out the ordinary...

Let your breath return to its natural rhythm...
Easy...
unhurried...
peaceful...

Allow a wave of relaxation to wash through your body...
From the crown of your head...
softening your scalp...
your forehead...
the muscles around your eyes...

Let it flow down through your face...
your jaw releasing...
your neck softening...
your shoulders dropping...

Feel it move through your chest...
your arms growing heavy...
your hands resting open...

Through your belly...
your hips...
your legs...
all the way down to your feet...

Your entire body is relaxed now...
completely supported...
utterly still...

You are about to remember something important...
Something you have always known...
but may have forgotten in the noise of daily life...
Something eternal that lives within you...

Bring your attention to the center of your chest...
Not the physical heart...
but deeper still...
The spiritual heart...
The place where the Divine dwells within you...

In your mind's eye...
see this space as a sanctuary...
A temple that exists inside you...
glowing with soft golden light...

The scriptures tell us that our body is the temple of the Holy Spirit...
Not a building made of stone...
but this very body...
this very breath...
this very moment...

This is the Kingdom within...
Yeshua said the Kingdom of Yahweh is within you...
Not far away...
not in the sky...
not in some distant future...
But here...
now...
inside...

It has always been here...
Before you were born...
it was here...
When you take your last breath...
it will remain...
Eternal...
unchanging...
always waiting for you to visit...

Now...
step into this inner sanctuary...
Your own temple...

Notice how peaceful it is here...
No noise from the outside world can reach this place...
No worry can penetrate these walls...
No fear can survive in this light...

The temperature is perfect...
The silence is profound...
Yet it is not empty silence...
It is full silence...
Pregnant with presence...

In the center of this sanctuary...
there is something waiting for you...
Not a figure exactly...
But a warmth...
An intelligence...
A love so vast it has no edges...

This is the Holy Spirit within you...
The Ruach HaKodesh...
The breath of Yahweh that animates your being...
The part of you that is eternal...
connected to all that is...
was...
or ever will be...

Yeshua promised that the Spirit of truth would dwell within you...
Not visit occasionally...
but dwell...
make a home...
abide...

And here...
in this sacred space...
you feel that promise fulfilled...

Sit before this presence...
Simply be with it...
No words are needed...
No prayers required...
No requests necessary...
Just presence meeting presence...
Awareness recognizing itself...

Feel the love emanating toward you...
Wave after wave of unconditional acceptance...
Not because you have earned it...
Not because you have been good enough...
But because love is what Yahweh is...
And you are part of that love...
You always have been...

Breathe in this love...
Let it fill every cell of your body...
Let it remind you of what you really are...
Beneath the roles you play...
Beneath the masks you wear...
Beneath the stories you tell yourself...
You are this...
You are loved...
You are a temple of the living Spirit...
You are one with the Infinite...

You are not alone...
You have never been alone...
The presence has always been here...
patient...
waiting...
loving you without condition...

And now you know where to find it...
Not only in a church or building...
Not only in a book or teaching...
Not only in another person...
But here...
Always here...
In the temple of your own body...
One breath away...
One intention away...

The Kingdom is not coming someday...
It is already within you...

Take a deep breath now...
And begin to bring your awareness back...
Feeling your body...
the surface beneath you...
the sounds around you...

But the sanctuary remains...
The Spirit abides...
You carry the temple with you always...
It is not somewhere you go...
It is something you are...

Wiggle your fingers gently...
your toes...
Feel yourself returning to the room...

When you are ready...
slowly open your eyes...
Bringing the light with you...

You are connected...
You are held...
You are loved beyond measure...
You are never alone...
The Kingdom is within you...
The Spirit dwells in your temple...

And so it is.
Namaste.
",Spiritual Growth,Throughout + Phase 9,,,
040,Spiritual Connection,Meditation,Medium,12–13,LIVE,Transcendent journey from finite self to infinite consciousness,The_Infinite_Within,"THE INFINITE WITHIN - Medium Meditation (12-13 minutes)
Theme: Spiritual Connection
Type: Guided Visualization (user listens, eyes closed)
Music Cue: Transcendent, sacred, expansive - journey from the finite to the infinite, from separation to union

===============================================================================

Welcome...

This meditation is a journey...
A journey from the small self to the infinite self...
From separation to union...
From forgetting to remembering...

Find a position where your body can be completely at rest...
Seated or lying down...
Let yourself be fully supported...
There is nothing to hold...
Nothing to carry...
You can let go completely...

Let your eyes close...
And take a slow...
deep breath in through your nose...
Feel your chest expand fully...
your ribs opening wide...
your belly rising...

Hold this breath for a moment...
feeling the fullness of life within you...

And release slowly through your mouth...
letting everything soften...
letting the world dissolve...

Take another breath...
even slower...
even deeper...
Breathing in presence...
Breathing out distraction...

And one more...
Breathing in the sacred...
Breathing out everything else...

Let your breath return to its own natural rhythm now...
No need to control anything...
Just easy...
effortless...
breathing itself...

Allow your body to relax completely...
Starting at the very top of your head...
Feel your scalp softening...
as if gentle hands were massaging away all tension...

Let this softness flow down into your forehead...
smoothing away any lines of worry...
Any furrows of concern...

Feel the tiny muscles around your eyes release...
Your eyelids heavy and peaceful...
Your eyebrows smooth...

Let the relaxation flow into your cheeks...
your jaw unclenching completely...
Your lips parting slightly...
Your tongue resting soft in your mouth...

Feel your neck releasing...
Each vertebra letting go...
Your throat open and relaxed...

Your shoulders now...
Those places where you carry the weight of the world...
Let them drop completely...
Feel the burden sliding off...
rolling away into nothing...

The relaxation flows down through your arms...
Your upper arms growing heavy...
Your elbows...
Your forearms...
Your wrists...
Your hands becoming soft and open...
Your fingers completely relaxed...

Feel your chest softening...
Your heart space opening...
Your belly growing soft and round...
Rising and falling with each gentle breath...

Your lower back releases into the support beneath you...
Your hips let go...
Your thighs become heavy...
Your knees...
Your calves...
Your ankles...
Your feet...
All the way to your toes...

Your entire body is now deeply...
profoundly...
completely relaxed...

In this state of deep rest...
you are ready to journey into the deepest truth of your existence...
Beyond your name...
Beyond your story...
Beyond everything you think you are...
To what you truly are...

In your mind's eye...
see yourself sitting in a vast open field at night...
The grass is soft beneath you...
cool and damp with evening dew...
The air is still and clear...

Above you...
the sky stretches infinite...
filled with more stars than you could ever count...
Billions upon billions of points of light...
Each one a sun...
Many with worlds of their own...
The universe displaying its incomprehensible vastness...

As you gaze upward...
feel how small your body is in comparison...
This tiny form on this tiny planet...
in this vast corner of an endless cosmos...

And yet...
something stirs within you...
A recognition...
A remembering...

Each of those stars represents a soul...
a consciousness...
a unique expression of the Divine...
And you are one of them...
A spark of the Infinite...
having a finite experience...

As you contemplate this...
you begin to feel something shifting within you...
A calling to go deeper...
A longing to remember what you truly are...

You notice a soft light glowing in your chest...
At first barely visible...
But as you bring your attention to it...
it grows brighter...

This is the Kingdom within...
The Divine spark at the center of your being...
The part of you that was never born...
and will never die...

Let this light begin to expand now...
Watch as it grows beyond your chest...
filling your entire body with golden radiance...

Your head fills with light...
Your arms...
Your hands...
Your belly...
Your legs...
Your feet...

You are glowing now...
Every cell illuminated from within...
Your skin translucent with this sacred light...

You realize something profound...
This light is not something you created...
It is not something you earned...
It is something you are...
You are not a body that occasionally feels spiritual...
You are a spirit...
temporarily wearing a body...

Let the light expand further now...
Beyond your skin...
Creating a sphere of radiance around you...
Growing larger...
and larger...
until you are surrounded by an orb of golden light...

You are no longer just sitting in the field...
You are becoming the light itself...
The boundary between you and everything else...
begins to soften...
to blur...
to dissolve...

Now...
feel yourself rising...
Lifting gently off the ground...
Drawn upward by the light that you are...

The earth falls away below you...
but you feel no fear...
Only expansion...
Only freedom...
You are going home...

Rise higher now...
Into the stars...
Past the physical realm...
Into dimensions of pure consciousness...
Pure awareness...
Pure being...

Here...
in this infinite space...
there is no separation...
No boundary between self and other...
No division between you and the Divine...
You are in the presence now...
Surrounded by it...
Filled with it...
One with it...

Feel the love here...
This is not love as an emotion...
This is love as the fabric of existence itself...
The energy that creates universes...
The force that holds atoms together...
The intelligence that guides all evolution...

This love is not directed at you...
This love is you...
You are made of it...
You have always been made of it...
You will always be made of it...

In this place...
there is no fear...
Fear cannot exist in the infinite...
It is an illusion of the separated self...
And here...
there is no separation...

In this place...
there is no lack...
How can there be lack in infinity...
Everything you could ever need is here...
because you are here...
and you are everything...

In this place...
there is no time...
Past and future dissolve...
There is only now...
Eternal now...
The same now that existed before the universe began...
The same now that will exist after all stars burn out...

Rest here...
Float in this infinite love...
Let it hold you...
Let it heal you...
Let it remind you of what you have always been...

You are not your problems...
They are temporary...
You are eternal...

You are not your past...
It is a story...
You are the awareness that witnesses all stories...

You are not your fears...
They are clouds passing through...
You are the sky itself...

You are consciousness...
temporarily focused in human form...
The Divine...
playing the game of being you...

This does not diminish your humanity...
It elevates it...
Knowing what you truly are...
allows you to live your human life with such freedom...
such purpose...
such peace...

Now...
the presence speaks to you...
Not in words...
but in direct knowing...
truths that bypass language and land directly in your soul...

You are loved...
Unconditionally...
Eternally...
Not because of what you do...
Because of what you are...

You are guided...
Always...
Every step of your path...
Even the missteps...
Even the wandering...
All part of the journey home...

You are never alone...
The presence is always with you...
In every breath...
In every heartbeat...
In every moment...
Closer than close...

You belong here...
Not just in this meditation...
But in existence itself...
You are not an accident...
You are not a mistake...
You are a unique expression of the Infinite...
Necessary and irreplaceable...
The universe would be incomplete without you...

Receive these truths now...
Let them sink deep into your being...
Past the mind that might argue...
Into the soul that knows...
Into the heart that remembers...

When you return to your daily life...
you carry this connection with you...
The sanctuary is always within you...
The presence never leaves...
You can return here with a single breath...
A single moment of remembering...

Slowly now...
begin to descend...
Gently floating back toward the earth...
Back toward your body...
But changed...

You are not returning to ordinary life...
You are returning to sacred life...
Every moment is spiritual now...
Every breath is prayer...
Every interaction is connection with the Divine in another form...

Feel yourself settling back into your body...
But notice...
The light is still there...
Glowing in your chest...
The Kingdom within...
It never leaves...
It cannot leave...
It is what you are...

Take a deep breath...
Filling your body with awareness...

Feel the surface beneath you...
Feel the air on your skin...
Hear any sounds in the room...

Wiggle your fingers gently...
Your toes...
Feel life returning to your limbs...

Roll your shoulders softly...
Turn your head from side to side...

Place your hand on your heart...
Feel its beat...
Feel the light still glowing there...
The infinite within the finite...
The eternal within the temporary...
The Divine within the human...

When you are ready...
In your own time...
Gently open your eyes...

See the world with new vision...
The same world...
But you have changed...
You remember now...
Who you are...
What you are...
Where you come from...
Where you are going...

You are connected to all that is...
You are loved beyond measure...
You are the Infinite...
having a beautiful human experience...

Carry this knowing with you...
Live from this truth...
And watch how everything transforms...

The Kingdom is within you...
It always has been...
It always will be...
Welcome home...

Namaste.
And so it is.
",Spiritual Growth,Throughout + Phase 9,,,
BR-01,Breathing Exercise,Breathwork,12 min total,6 narration + 6 music,LIVE,Classic 4-4-4-4 technique for calming the nervous system and focusing the mind.,Box_Breathing,"BOX BREATHING - Guided Exercise (6 minutes narration + 6 minutes music). Pattern: 4-4-4-4


Welcome to Box Breathing...
also known as Square Breathing...
This ancient technique has been used for thousands of years...
By warriors, monks, and healers alike...
To calm the nervous system and focus the mind...
The pattern is simple...
four equal parts...
Inhale for four counts...
hold for four...
Exhale for four...
hold for four...
Like tracing the four sides of a square...
Let's begin...

[INSTRUCTION - 30 seconds]

Find a comfortable seated position...
Spine tall but not rigid...
shoulders relaxed...
Place one hand on your belly if it helps you focus...
We'll start slowly...
and I'll guide you through each breath...

[GUIDED CYCLES - 4 minutes]

Breathe in...
two...
three...
four...
Hold...
two...
three...
four...
Breathe out...
two...
three...
four...
Hold...
two...
three...
four...
You're doing beautifully...
let the rhythm carry you...
Breathe in...
two...
three...
four...
Hold...
two...
three...
four...
Breathe out...
two...
three...
four...
Hold...
two...
three...
four...
Feel your nervous system settling...
Each cycle bringing more calm...
more focus...
more presence...
Breathe in...
two...
three...
four...
Hold...
two...
three...
four...
Breathe out...
two...
three...
four...
Hold...
two...
three...
four...
Continue with me...
letting the square pattern guide you...
Breathe in...
two...
three...
four...
Hold...
two...
three...
four...
Breathe out...
two...
three...
four...
Hold...
two...
three...
four...
Your mind is quieting now...
Your body is relaxing...
There is only the breath...
Breathe in...
two...
three...
four...
Hold...
two...
three...
four...
Breathe out...
two...
three...
four...
Hold...
two...
three...
four...
A few more cycles...
Breathe in...
two...
three...
four...
Hold...
two...
three...
four...
Breathe out...
two...
three...
four...
Hold...
two...
three...
four...
Last cycle...
Breathe in...
two...
three...
four...
Hold...
two...
three...
four...
Breathe out...
two...
three...
four...
Hold...
two...
three...
four...

[CLOSING - 45 seconds]

Now...
let your breath return to its natural rhythm...
Notice how you feel...
Perhaps calmer...
more centered...
more present...
This practice is always available to you...
In moments of stress...
before important conversations...
Anytime you need to return to your center...
Carry this calm with you...
You are balanced...
You are at peace...
And so it is...

[MUSIC CONTINUES FOR REMAINING 6 MINUTES]",,,,,
BR-02,Breathing Exercise,Breathwork,12 min total,8 narration + 4 music,LIVE,5-2-5-2 pattern that activates the parasympathetic nervous system for deep relaxation.,Deep_Calm_and_Relax_5_2_5_2,"DEEP CALM - Guided Exercise (8 minutes narration + 4 minutes music). Pattern: 5-2-5-2  [INTRO - 1 minute]

Welcome to Deep Calm...
This breathing pattern activates your parasympathetic nervous system...
The part of you that knows how to rest...
to heal...
to restore...
We will breathe in for five counts...
hold gently for two...
Exhale for five counts...
and hold softly for two...
The longer exhale signals safety to your body...
You are telling every cell...
""We are at peace...""
Let's begin...

[INSTRUCTION - 30 seconds]

Allow your eyes to close...
Let your shoulders drop away from your ears...
Place your tongue gently on the roof of your mouth...
This activates calm throughout your nervous system...

[GUIDED CYCLES - 5.5 minutes]

Breathing in...
two...
three...
four...
five...
Hold...
two...
Breathing out...
two...
three...
four...
five...
Hold...
two...
Let each breath take you deeper into peace...
Breathing in...
two...
three...
four...
five...
Hold...
two...
Breathing out...
two...
three...
four...
five...
Hold...
two...
Feel your body becoming heavier...
more relaxed...
There is nowhere to go...
nothing to do...
Just breathe...
Breathing in...
two...
three...
four...
five...
Hold...
two...
Breathing out...
two...
three...
four...
five...
Hold...
two...
Your nervous system is resetting now...
Shifting from survival mode to rest and digest...
This is your body's natural state of healing...
Continue with me...
Breathing in...
two...
three...
four...
five...
Hold...
two...
Breathing out...
two...
three...
four...
five...
Hold...
two...
Feel the wave of relaxation moving through you...
Your shoulders softening...
Your jaw releasing...
Your whole body letting go...
Breathing in...
two...
three...
four...
five...
Hold...
two...
Breathing out...
two...
three...
four...
five...
Hold...
two...
A few more cycles...
Breathing in...
two...
three...
four...
five...
Hold...
two...
Breathing out...
two...
three...
four...
five...
Hold...
two...
Last cycle...
Breathing in...
two...
three...
four...
five...
Hold...
two...
Breathing out...
two...
three...
four...
five...
Hold...
two...

[CLOSING - 1 minute]

Gently let your breath return to normal...
But keep this feeling of deep calm...
It belongs to you...
Whenever the world feels overwhelming...
Remember...
five breaths in...
hold...
five breaths out...
hold...
You carry your peace within you...
Rest now...
you are calm...
you are safe...
you are held...
And so it is...

[MUSIC CONTINUES FOR REMAINING 4 MINUTES]",,,C:\projects\mobileApps\music\composedMeditations\M4AFiles,,
BR-03,Breathing Exercise,Breathwork,12 min total,8 narration + 4 music,LIVE,"Visualization breathwork: Inhale golden light/positivity, exhale gray matter/stagnation. Based on living water teachings.",The _currents_of_heaven_and_earth ,"#  The _currents_of_heaven_and_earth:— Rebalancing Your Energy
**ID:** BR-03  
**Duration:** 12 minutes total (~8 minutes narration + 4 minutes music)  
**Pattern:** Natural breath with energy visualization (Inhale: Living Water descends / Exhale: Vibrational ascent rises)  
**Theme:** Energy Circulation, Purification & Rebalancing  
**Type:** Guided Breathwork with Visualization  
**Music Cue:** 528Hz healing frequency with flowing water sounds, Tibetan singing bowls, subtle crystalline tones  
**Workbook Phase Connection:** Phase 4 (Limiting Beliefs), Phase 5 (Self-Care), Phase 9 (Trust & Surrender)  
**Workbook Affirmation Category:** Forgiveness & Healing / Spiritual Alignment  

---

## Production Notes

- **Biblical Foundation:** John 7:38 — ""Out of his belly shall flow rivers of living water""
- **Kingdom Within Theology:** Luke 17:21 — ""The Kingdom of Heaven is within you""
- **Energy Principles:** Everything is frequency, vibration, and energy; the universe operates through resonance
- **Dual Current Concept:** 
  - **Descending Current:** Living Water from the Throne Room of YHWH — cleansing, purifying, divine order
  - **Ascending Current:** High-frequency vibrational energy rising from the earth — transmuting low frequencies, clearing gray matter, activating higher states
- **Core Philosophy:** Heaven and earth meet within your body; the Kingdom is not external—it is within
- **Science Integration:** High-frequency vibrations break apart dense, stagnant energy; the body responds to frequency at a cellular level

---

## Full Script (Formatted for AI Voice Generation)

```
[INTRO - 1.5 minutes]

Welcome to Two Rivers...
Within your body flow two currents of energy...
two rivers that have moved through every living thing since the beginning of creation...
The prophet Ezekiel saw a vision...
A river flowing from the Temple...
bringing life wherever it went...
Trees on its banks bearing fruit every month...
Leaves that carried healing...
And in the Book of Revelation...
John saw this same river in its fullness...
A pure river of the water of life...
clear as crystal...
proceeding from the throne of Yahweh...
This is not just prophecy of a distant future...
This is the blueprint of how life flows...
Heaven pouring down...
Earth rising up...
Two currents meeting within you...
One river descends...
The water of life...
flowing down from above...
through the crown of your head...
down your spine...
into your core...
This is the energy of clarity...
of divine order...
of Yahweh's life-giving presence...
The other river ascends...
Earth force...
electrical...
rising up from below...
through your roots...
through your belly...
up through your heart...
This is the energy of the ground beneath you...
of life force...
of grounded power...
When these two rivers flow freely...
when they meet and dance within you...
you experience what the ancients called shalom...
wholeness...
nothing missing...
nothing broken...
The breath is the bridge between these two forces...
The inhale draws the water of life down from heaven...
The exhale releases earth energy upward...
Today...
we restore the flow...
We bring heaven and earth back into harmony within you...

[INSTRUCTION - 1 minute]

Find a comfortable seated position...
You don't need anything special...
Just sit...
Close your eyes if that feels comfortable...
or keep them softly open with a downward gaze...
Now...
place one hand on your belly...
and one hand on your heart...
This is important...
It brings your awareness into your body...
out of your head...
You're not thinking about your body...
you're feeling it...
We're going to breathe in a specific way...
When you inhale...
your belly expands first...
like a balloon filling with air...
Then your chest rises...
Belly first...
then chest...
Most people breathe backwards...
pulling the belly in and lifting the chest...
That's a stress breath...
a survival breath...
We're reversing that pattern now...
Belly expands...
then chest rises...
Let's practice once...
Inhale slowly through your nose...
Feel your belly push against your hand...
Now feel your chest rise under your other hand...
Good...
Exhale through your mouth...
Feel your chest soften...
Feel your belly release...
Perfect...
You have the pattern...

[SETTLING - 30 seconds]

Take a moment to arrive fully...
Let your shoulders drop...
Let your jaw soften...
Let go of whatever you were carrying before this moment...
There is nothing to achieve here...
Nothing to force...
You are simply breathing...
And that breath is restoring something ancient within you...

[GUIDED CYCLES - 4.5 minutes]

Let us begin...
Inhale slowly through your nose...
Belly expands...
Chest rises...
And as you breathe in...
imagine the water of life descending...
Clear as crystal...
Flowing down from the throne of Yahweh...
Through the crown of your head...
Down your spine...
Into your belly...
You don't need to see it clearly...
Just have the intention...
The intention is enough...
Pause for a moment at the top of the inhale...
Not holding with tension...
Just pausing...
Allowing the water of life to settle into your center...
Now exhale slowly through your mouth...
Feel your belly soften...
Feel your chest release...
And as you breathe out...
imagine earth energy rising...
Electrical...
alive...
From your belly...
Through your chest...
Through your throat...
Out the top of your head...
Carrying with it anything stagnant...
anything gray...
anything that no longer serves...
Pause at the bottom of the exhale...
Empty...
Still...
And begin again...
Inhale...
Drawing the water of life down...
Through your crown...
Down your spine...
Filling your belly with heaven's current...
with clarity...
with peace...
Pause...
Exhale...
Releasing earth force upward...
Electrical energy rising...
Through your heart...
Through your throat...
Out through the crown...
Letting go of tension...
of heaviness...
of everything that blocks the flow...
Pause...
You are creating a circuit now...
You are manually moving energy through your system...
Just as Ezekiel saw the river bringing life wherever it flowed...
these rivers are bringing life to every part of you...
Continue with me...
Inhale...
Heaven descends...
The water of life pours through you...
Crystal clear...
Belly expands with this sacred current...
Pause...
Exhale...
Earth ascends...
Everything gray and stagnant rises and releases...
Your body softens...
Pause...
Feel the two rivers beginning to remember their rhythm...
They have been blocked...
They have been fighting each other...
But now they are finding their flow again...
Inhale...
Drawing down the water of life...
Healing flows into your nervous system...
Your mind quiets as heaven's river fills you...
Pause...
Exhale...
Releasing upward...
The density lifts...
The confusion clears...
You are emptying what no longer belongs...
Pause...
Continue breathing in this rhythm...
I will be quiet for a moment...
Let your own pace guide you...
Heaven descending on the inhale...
Earth ascending on the exhale...
The two rivers flowing through you...

[30 seconds of silence with music - user continues on their own]

Beautiful...
A few more breaths together...
Inhale...
Feel the crown of your head open to receive...
The water of life pouring down like liquid crystal...
Filling every space within you...
Wherever this river flows...
it brings healing...
it brings life...
Pause...
Exhale...
Feel everything heavy release upward...
Rising through you and out...
The earth receives what you release...
transforms it...
You are lighter now...
Pause...
One more cycle...
Inhale deeply...
The water of life floods your entire being...
You are full of light...
full of clarity...
full of Yahweh's restoring presence...
Pause...
Let it settle...
Exhale completely...
Earth force carries away the last of what was stuck...
The rivers are flowing freely now...
The circulation is restored...

[INTEGRATION - 1 minute]

Let your breath return to its natural rhythm now...
No more effort...
Just easy...
natural breathing...
Keep your hands where they are for a moment...
One on your belly...
One on your heart...
Notice what has shifted...
Perhaps your mind is clearer...
Perhaps your body feels more alive...
Perhaps there is a sense of space where there was tightness before...
The rivers that were blocked have begun to flow...
They remember how to move...
You have reminded them...
This is what Ezekiel saw...
Wherever the river flows...
everything lives...
Trees bear fruit...
Leaves bring healing...
And that river flows within you now...
Heaven and earth in balance...
Descending and ascending in harmony...

[CLOSING - 45 seconds]

If you do this practice every morning...
before you check your phone...
before you jump into the demands of the day...
something will shift within a week...
More clarity...
More groundedness...
A sense that you are inhabiting your body again...
instead of just living in your head...
You now carry this practice with you...
Five minutes is all it takes...
Five minutes to bring the rivers back into flow...
Five minutes to restore the circulation of life through your being...
The water of life flows from the throne of Yahweh...
And that throne...
according to the ancient manuscripts...
is within you...
You are the temple now...
And the river flows from within...
You are balanced...
You are clear...
You are whole...
Heaven and earth...
flowing as one...
within you...
And so it is...

[MUSIC CONTINUES FOR REMAINING 4 MINUTES]

[MUSIC ONLY - 4 minutes]

(528Hz healing frequency with water sounds and subtle crystalline tones)
```

---

## Scripture References

**John 7:38 (KJV):**
> ""He that believeth on me, as the scripture hath said, out of his belly shall flow rivers of living water.""

**Luke 17:21 (KJV):**
> ""Neither shall they say, Lo here! or, lo there! for, behold, the Kingdom of Heaven is within you.""

**Ephesians 3:16-17 (KJV):**
> ""That he would grant you, according to the riches of his glory, to be strengthened with might by his Spirit in the inner man; That Christ may dwell in your hearts by faith...""

---

## Frequency & Vibration Science Notes

- **High-frequency vibration breaks apart dense energy:** This is why ultrasound is used medically to break up kidney stones and gallstones; high frequencies literally dissolve density
- **The body is 60-70% water:** Water responds to frequency and vibration, restructuring at a molecular level
- **Chakra frequencies referenced:**
  - Root (256Hz) — grounding, safety, foundation
  - Throat (384Hz) — expression, truth, communication  
  - Third Eye (426Hz) — intuition, vision, clarity
  - Crown (480Hz) — divine connection, higher consciousness
- **528Hz:** Known as the ""love frequency"" or ""miracle tone"" — associated with DNA repair and cellular healing

---

## Key Changes from v1

| Version 1 | Version 2 |
|-----------|-----------|
| ""God"" | ""YHWH"" |
| ""Throne Room of God"" | ""Throne Room of YHWH"" |
| ""Tesla understood when he said..."" | ""For if you want to understand the secrets of the universe, you must think in terms of energy, frequency, and vibration"" (no attribution) |
| ""Tesla's electrical ascending current"" | ""High-frequency vibrational current"" |
| ""Tesla harnessed"" | Removed entirely |
| General electrical language | Expanded vibration/frequency language with scientific grounding |
| Limited frequency references | Added specific Hz frequencies for chakras (256, 384, 426, 480) |
| — | Added explanation that high vibration dissolves density |

---

## Word Count & Duration Estimate

- **Total narrated words:** ~1,480
- **At 120-130 WPM (meditation pace):** ~11-12 minutes narration
- **Plus 4 minutes music:** ~15-16 minutes total

*Note: If 12-minute total is firm, trim Integration section or reduce music to 2 minutes.*
",,,,,
BR-04,Breathing Exercise,Breathwork,12 min total,8 narration + 4 music,LIVE,Alternate nostril breathing (Nadi Shodhana) to balance left and right brain hemispheres. Enhances clarity and calm.,Hemisphere_Balance,"# Hemisphere_Balance - Guided Breathing Exercise

**Duration:** 12 minutes total (~8 minutes narration + 4 minutes music)
**Pattern:** Alternate Nostril Breathing (Nadi Shodhana)
**Theme:** Brain Balance & Mental Clarity
**Type:** Guided Breathwork
**Music Cue:** Soft ambient with subtle binaural undertones, 432Hz tuning - peaceful and focusing

---

## Full Script (Formatted for AI Voice Generation)

```
[INTRO - 1.5 minutes]

Welcome to Hemisphere Balance...

This ancient breathing practice has been used for thousands of years...
to bring harmony between the two halves of your mind...

Your brain has two hemispheres...
The left side governs logic...
analysis...
language...
and linear thinking...

The right side governs creativity...
intuition...
emotion...
and holistic awareness...

Most of us live with one side dominant...
out of balance...
either too much in our heads...
or too lost in feeling...

This practice brings them into coherence...
so that wisdom and intuition...
logic and creativity...
can work together as one...

The technique is called Nadi Shodhana...
which means ""channel purification""...
We will breathe through one nostril at a time...
alternating sides...
balancing the energy channels that run through your body...

When you breathe through your left nostril...
you activate the right hemisphere of your brain...
the creative...
intuitive...
receptive side...

When you breathe through your right nostril...
you activate the left hemisphere...
the logical...
analytical...
active side...

By alternating...
we bring both into harmony...
creating a unified...
balanced...
clear mind...

[INSTRUCTION - 1 minute]

Let's prepare your hand position...

Bring your right hand up toward your face...
You will use your thumb to gently close your right nostril...
And your ring finger to gently close your left nostril...

Let your index and middle fingers rest lightly on your forehead...
between your eyebrows...
or simply curl them toward your palm...
whatever feels comfortable...

The pressure should be gentle...
just enough to close the nostril...
not pressing hard...

Your left hand can rest on your knee or in your lap...

Take a moment to practice...
Use your thumb to close your right nostril...
now release...
Use your ring finger to close your left nostril...
now release...

Good...

Keep your shoulders relaxed...
Your elbow can rest against your body if that helps...
There should be no strain...

[SETTLING - 30 seconds]

Before we begin the pattern...
take three normal breaths through both nostrils...

Breathe in...
and out...

Breathe in...
and out...

Breathe in...
and let everything settle...

Now we begin...

[GUIDED CYCLES - 5 minutes]

Gently close your right nostril with your thumb...
Inhale slowly through your left nostril...
two...
three...
four...
five...

Close both nostrils and hold briefly...
two...

Now release your thumb and close your left nostril with your ring finger...
Exhale slowly through your right nostril...
two...
three...
four...
five...

Keep your left nostril closed...
Inhale through your right nostril...
two...
three...
four...
five...

Close both nostrils and hold...
two...

Release your ring finger and close your right nostril with your thumb...
Exhale through your left nostril...
two...
three...
four...
five...

That is one complete cycle...
You're doing beautifully...
Let's continue...

Left nostril closed...
Inhale right...
two...
three...
four...
five...

Hold...
two...

Right nostril closed...
Exhale left...
two...
three...
four...
five...

Right nostril still closed...
Inhale left...
two...
three...
four...
five...

Hold...
two...

Left nostril closed...
Exhale right...
two...
three...
four...
five...

Feel the rhythm establishing itself...
There is no rush...
Each breath is a bridge between the two halves of your mind...

Continue with me...

Inhale right...
two...
three...
four...
five...

Hold...
two...

Exhale left...
two...
three...
four...
five...

Inhale left...
two...
three...
four...
five...

Hold...
two...

Exhale right...
two...
three...
four...
five...

Notice how your mind is beginning to settle...
The chatter quieting...
A sense of clarity emerging...

Two more cycles...

Inhale right...
two...
three...
four...
five...

Hold...
two...

Exhale left...
two...
three...
four...
five...

Inhale left...
two...
three...
four...
five...

Hold...
two...

Exhale right...
two...
three...
four...
five...

Last cycle...

Inhale right...
two...
three...
four...
five...

Hold...
two...

Exhale left...
two...
three...
four...
five...

Inhale left...
two...
three...
four...
five...

Hold...
two...

And exhale right...
two...
three...
four...
five...

[INTEGRATION - 45 seconds]

Now...
gently lower your hand back to your lap...
And return to breathing naturally through both nostrils...

Take a moment to notice how you feel...

Your mind may feel quieter...
more spacious...
more unified...

The two hemispheres of your brain are now communicating more harmoniously...
Logic and intuition...
analysis and creativity...
working together...
not against each other...

This is your natural state of balance...
You have simply remembered how to access it...

[CLOSING - 45 seconds]

This practice is always available to you...

Before an important decision...
when you need both logic and intuition...
use this breath...

Before creative work...
when you need focus and flow...
use this breath...

When anxiety clouds your thinking...
and you need clarity...
use this breath...

Even three cycles can shift your state...

You now carry the key to mental harmony...
Use it often...
Use it well...

You are balanced...
You are clear...
You are whole...

And so it is...

[MUSIC CONTINUES FOR REMAINING 4 MINUTES]
```

---

## Production Notes

**Voice Direction:**
- Pace: Slow and steady, approximately 120-125 wpm
- Tone: Calm, clear, instructional but warm
- Extra pauses during the instruction section to allow hand positioning
- Counting should be rhythmic and consistent

**Timing Breakdown:**
- Intro: ~1.5 minutes
- Instruction: ~1 minute
- Settling: ~30 seconds
- Guided Cycles: ~5 minutes (approximately 8 complete cycles)
- Integration: ~45 seconds
- Closing: ~45 seconds
- Music only: ~4 minutes
- **Total: 12 minutes**

**Background Audio Suggestions:**
- Soft ambient pads, 432Hz tuning
- Optional: Very subtle binaural beats (alpha wave range 8-12Hz for calm focus)
- No sudden changes or distracting elements
- Should support but not compete with voice

**Life Area Mapping:**
- Career → Focus and decision-making
- Personal Growth → Mental clarity and self-awareness
- Spirituality → Mind-body connection

---

## Scientific Background (for marketing/description)

Alternate nostril breathing has been shown in research to:
- Reduce cortisol (stress hormone) levels
- Improve heart rate variability
- Enhance cognitive function and attention
- Balance the autonomic nervous system
- Reduce anxiety and promote calm alertness

The technique works by alternately stimulating the left and right vagus nerve pathways, creating coherence between the sympathetic and parasympathetic nervous systems.
",,,,,
,,,,,,,,,,,,,
,,,,,,,,,,,,,
,,,,,,,,,,,,,
,,,,,,,,,,,,,
,,,,,,,,,,,,,
,,,,,,,,,,,,,
,,,,,,,,,,,,,
,,,,,,,,,,,,,
,,,,,,,,,,,,,
,,,,,,,,,,,,,
,,,,,,The Flower of Life,,,,,,,
,,,,,,Namaste.,,,,,,,